Type,Nom,Pays,Note,Nb_votes,image
Série,The Penthouse,Corée , 9.2 ,24788,https://6.vikiplatform.com/image/220415a8e07d4eed9e82373c0962ae6d.jpg?x=b&a=0x0&s=380x214&q=h&e=t&f=t&cb=1
Série,À L'ANTENNE The Sweet Blood,Corée , 8.9 ,2012,https://6.vikiplatform.com/image/4974bb047c9744fba3f2519b8f62791d.jpg?x=b&a=0x0&s=380x214&q=h&e=t&f=t&cb=1
Série,À L'ANTENNE Tu es mon héros,Chine Continentale , 9.5 ,5478,https://6.vikiplatform.com/image/2fb5571e0da941b8b2c27bd08357f6f5.jpg?x=b&a=0x0&s=380x214&q=h&e=t&f=t&cb=1
Série,True Beauty,Corée , 9.6 ,143241,https://6.vikiplatform.com/image/8533baa0008c4c5e8ca20ba75d956713.jpg?x=b&a=0x0&s=380x214&q=h&e=t&f=t&cb=1
Série,The Penthouse 2 (Le Penthouse 2),Corée , 9.5 ,13558,https://6.vikiplatform.com/image/164f623344524cd08b652be42b37739f.jpg?x=b&a=0x0&s=380x214&q=h&e=t&f=t&cb=1
Série,Qu'est-ce qui cloche chez la sec...,Corée , 9.7 ,324689,https://6.vikiplatform.com/image/9cddea5d560a4055a688e4ac6c70b84b.jpg?x=b&a=0x0&s=380x214&q=h&e=t&f=t&cb=1
Série,Le conte des neuf queues,Corée , 9.6 ,72810,https://6.vikiplatform.com/image/f4db244000c2470e9e1cdb608055007c.jpg?x=b&a=0x0&s=380x214&q=h&e=t&f=t&cb=1
Série,My Little Happiness (Mon petit b...,Chine Continentale , 9.6 ,41897,https://6.vikiplatform.com/image/c809fb6a50cd437da6dc67d90a6ef226.jpg?x=b&a=0x0&s=380x214&q=h&e=t&f=t&cb=1
Série,Mr. Queen,Corée , 9.7 ,87959,https://6.vikiplatform.com/image/d9537ce12d604b259fda9eac8b62c242.jpg?x=b&a=0x0&s=380x214&q=h&e=t&f=t&cb=1
Série,À L'ANTENNE A Love Story: You Are the Greate...,Chine Continentale , 9.3 ,4102,https://6.vikiplatform.com/image/f656767b168049e7bec9bdf54a6bf58b.jpg?x=b&a=0x0&s=380x214&q=h&e=t&f=t&cb=1
Série,À L'ANTENNE Kingdom: Legendary War (Kingdom ...,Corée , 9.6 ,1140,https://6.vikiplatform.com/image/486cf2b7b38c49a78e97ac0618de8384.jpg?x=b&a=0x0&s=380x214&q=h&e=t&f=t&cb=1
Série,Extraordinary You,Corée , 9.4 ,23148,https://6.vikiplatform.com/image/5d49d68cf70644c7bb0c7a1ea8f25ff7.jpg?x=b&a=0x0&s=380x214&q=h&e=t&f=t&cb=1
Série,À L'ANTENNE La rivière où la lune se lève,Corée , 8.3 ,3009,https://6.vikiplatform.com/image/e841647d4f1f4a6da90c2118b35ec16b.jpg?x=b&a=0x0&s=380x214&q=h&e=t&f=t&cb=1
Série,Gobelin,Corée , 9.7 ,94393,https://6.vikiplatform.com/image/0691b83162c248128e8c8dd840ed27e6.jpg?x=b&a=0x0&s=380x214&q=h&e=t&f=t&cb=1
Série,À L'ANTENNE L'épée et le brocart,Chine Continentale , 9.4 ,7537,https://6.vikiplatform.com/image/9c730034db084a3c9e4a805eb1b12ffe.jpg?x=b&a=0x0&s=380x214&q=h&e=t&f=t&cb=1
Série,La Fleur du Mal,Corée , 9.7 ,111366,https://6.vikiplatform.com/image/aac0ccfc67f9463f9dc77ed9d6e174eb.jpg?x=b&a=0x0&s=380x214&q=h&e=t&f=t&cb=1
Série,À L'ANTENNE The Long Ballad (La Longue Ballade),Chine Continentale , 9.4 ,1558,https://6.vikiplatform.com/image/50709c6aa11143099e41bb8ddc45c26c.jpg?x=b&a=0x0&s=380x214&q=h&e=t&f=t&cb=1
Série,Pendant ton sommeil,Corée , 9.6 ,137928,https://1.viki.io/c/33538c/while-you-were-sleeping-1560x872_highresolution.jpg?x=b&s=380x214&q=h&e=t&f=t&cb=1
Série,The Penthouse,Corée , 9.2 ,24788,https://6.vikiplatform.com/image/220415a8e07d4eed9e82373c0962ae6d.jpg?x=b&a=0x0&s=380x214&q=h&e=t&f=t&cb=1
Série,À L'ANTENNE The Sweet Blood,Corée , 8.9 ,2012,https://6.vikiplatform.com/image/4974bb047c9744fba3f2519b8f62791d.jpg?x=b&a=0x0&s=380x214&q=h&e=t&f=t&cb=1
Série,À L'ANTENNE Tu es mon héros,Chine Continentale , 9.5 ,5478,https://6.vikiplatform.com/image/2fb5571e0da941b8b2c27bd08357f6f5.jpg?x=b&a=0x0&s=380x214&q=h&e=t&f=t&cb=1
Série,True Beauty,Corée , 9.6 ,143241,https://6.vikiplatform.com/image/8533baa0008c4c5e8ca20ba75d956713.jpg?x=b&a=0x0&s=380x214&q=h&e=t&f=t&cb=1
Série,The Penthouse 2 (Le Penthouse 2),Corée , 9.5 ,13558,https://6.vikiplatform.com/image/164f623344524cd08b652be42b37739f.jpg?x=b&a=0x0&s=380x214&q=h&e=t&f=t&cb=1
Série,Qu'est-ce qui cloche chez la sec...,Corée , 9.7 ,324689,https://6.vikiplatform.com/image/9cddea5d560a4055a688e4ac6c70b84b.jpg?x=b&a=0x0&s=380x214&q=h&e=t&f=t&cb=1
Série,Le conte des neuf queues,Corée , 9.6 ,72810,https://6.vikiplatform.com/image/f4db244000c2470e9e1cdb608055007c.jpg?x=b&a=0x0&s=380x214&q=h&e=t&f=t&cb=1
Série,My Little Happiness (Mon petit b...,Chine Continentale , 9.6 ,41897,https://6.vikiplatform.com/image/c809fb6a50cd437da6dc67d90a6ef226.jpg?x=b&a=0x0&s=380x214&q=h&e=t&f=t&cb=1
Série,Mr. Queen,Corée , 9.7 ,87959,https://6.vikiplatform.com/image/d9537ce12d604b259fda9eac8b62c242.jpg?x=b&a=0x0&s=380x214&q=h&e=t&f=t&cb=1
Série,À L'ANTENNE A Love Story: You Are the Greate...,Chine Continentale , 9.3 ,4102,https://6.vikiplatform.com/image/f656767b168049e7bec9bdf54a6bf58b.jpg?x=b&a=0x0&s=380x214&q=h&e=t&f=t&cb=1
Série,À L'ANTENNE Kingdom: Legendary War (Kingdom ...,Corée , 9.6 ,1140,https://6.vikiplatform.com/image/486cf2b7b38c49a78e97ac0618de8384.jpg?x=b&a=0x0&s=380x214&q=h&e=t&f=t&cb=1
Série,Extraordinary You,Corée , 9.4 ,23148,https://6.vikiplatform.com/image/5d49d68cf70644c7bb0c7a1ea8f25ff7.jpg?x=b&a=0x0&s=380x214&q=h&e=t&f=t&cb=1
Série,À L'ANTENNE La rivière où la lune se lève,Corée , 8.3 ,3009,https://6.vikiplatform.com/image/e841647d4f1f4a6da90c2118b35ec16b.jpg?x=b&a=0x0&s=380x214&q=h&e=t&f=t&cb=1
Série,Gobelin,Corée , 9.7 ,94393,https://6.vikiplatform.com/image/0691b83162c248128e8c8dd840ed27e6.jpg?x=b&a=0x0&s=380x214&q=h&e=t&f=t&cb=1
Série,À L'ANTENNE L'épée et le brocart,Chine Continentale , 9.4 ,7537,https://6.vikiplatform.com/image/9c730034db084a3c9e4a805eb1b12ffe.jpg?x=b&a=0x0&s=380x214&q=h&e=t&f=t&cb=1
Série,La Fleur du Mal,Corée , 9.7 ,111366,https://6.vikiplatform.com/image/aac0ccfc67f9463f9dc77ed9d6e174eb.jpg?x=b&a=0x0&s=380x214&q=h&e=t&f=t&cb=1
Série,À L'ANTENNE The Long Ballad (La Longue Ballade),Chine Continentale , 9.4 ,1558,https://6.vikiplatform.com/image/50709c6aa11143099e41bb8ddc45c26c.jpg?x=b&a=0x0&s=380x214&q=h&e=t&f=t&cb=1
Série,Pendant ton sommeil,Corée , 9.6 ,137928,https://1.viki.io/c/33538c/while-you-were-sleeping-1560x872_highresolution.jpg?x=b&s=380x214&q=h&e=t&f=t&cb=1
Série,Go Go Squid!,Chine Continentale , 9.6 ,98645,https://6.vikiplatform.com/image/a4f2f6706fe64b1594d8eec84918f673.jpg?x=b&a=0x0&s=380x214&q=h&e=t&f=t&cb=1
Série,Tu es ma destinée,Chine Continentale , 9.4 ,77470,https://6.vikiplatform.com/image/f50be54d9e16469fbeaaf2b2cb359b68.jpg?x=b&a=0x0&s=380x214&q=h&e=t&f=t&cb=1
Série,The Blooms at Ruyi Pavilion (Les...,Chine Continentale , 9.2 ,9361,https://6.vikiplatform.com/image/37454b044250489ca698b4b08f73869c.jpg?x=b&a=0x0&s=380x214&q=h&e=t&f=t&cb=1
Série,Weightlifting Fairy Kim Bok Joo,Corée , 9.7 ,89808,https://6.vikiplatform.com/image/037050b4edde4d5580997ab586dd70b5.jpeg?x=b&s=380x214&q=h&e=t&f=t&cb=1
Série,L'amour avec des défauts,Corée , 9.1 ,19913,https://6.vikiplatform.com/image/0c47baa6ab9545adbc42896779ee2346.jpg?x=b&a=0x0&s=380x214&q=h&e=t&f=t&cb=1
Série,Love Unexpected,Chine Continentale , 9.1 ,4729,https://6.vikiplatform.com/image/98167b2221334946b1296b4e94c00eb3.jpg?x=b&a=0x0&s=380x214&q=h&e=t&f=t&cb=1
Série,W,Corée , 9.6 ,104020,https://6.vikiplatform.com/image/72cb164bcb2846eaaea7f1dd675dcf73.jpg?x=b&a=0x0&s=380x214&q=h&e=t&f=t&cb=1
Série,You Make Me Dance (Tu me fais da...,Corée , 9.5 ,8904,https://6.vikiplatform.com/image/d0dd3dba883e40779d4dda6dfe1eaa48.jpg?x=b&a=0x0&s=380x214&q=h&e=t&f=t&cb=1
Série,À L'ANTENNE HIStoire 4 : Près de Vous,Taïwan , 8.9 ,1357,https://6.vikiplatform.com/image/91f4da7f91e74e68b16bd7ab8e3f53a2.jpg?x=b&a=0x0&s=380x214&q=h&e=t&f=t&cb=1
Série,The Rebel Princess,Chine Continentale , 9.5 ,5707,https://6.vikiplatform.com/image/eb59562a7a854dfdab697b178b5089b1.jpg?x=b&a=0x0&s=380x214&q=h&e=t&f=t&cb=1
Série,À L'ANTENNE Parole d'honneur,Chine Continentale , 9.6 ,1645,https://6.vikiplatform.com/image/5591ac7ea222407aabda68a8c343032d.jpg?x=b&a=0x0&s=380x214&q=h&e=t&f=t&cb=1
Série,"Do Bong Soon, une force de la na...",Corée , 9.7 ,181460,https://6.vikiplatform.com/image/710e5f280e2e45269c75f52ea140ec06.jpg?x=b&a=0x0&s=380x214&q=h&e=t&f=t&cb=1
Série,Me faire doucement fondre,Corée , 9.2 ,59524,https://6.vikiplatform.com/image/9e8676da98c34c759e3580c779d98821.jpg?x=b&a=0x0&s=380x214&q=h&e=t&f=t&cb=1
Série,Amour O2O,Chine Continentale , 9.6 ,46358,https://6.vikiplatform.com/image/ba66053f9a8248869ad113ab712f9b89.jpg?x=b&a=0x0&s=380x214&q=h&e=t&f=t&cb=1
Série,L'amour au fil du temps,Chine Continentale , 9.1 ,1605,https://6.vikiplatform.com/image/4444144da0744324872dc5fd8ab48cb0.jpg?x=b&a=0x0&s=380x214&q=h&e=t&f=t&cb=1
Série,À L'ANTENNE Be My Boyfriend (Sois mon petit ...,Corée , 9.1 ,782,https://6.vikiplatform.com/image/f4f24fc45dd549b0a9bd06578d99b4a8.jpg?x=b&a=0x0&s=380x214&q=h&e=t&f=t&cb=1
Série,À L'ANTENNE The Wolf Princess,Chine Continentale , 8.9 ,890,https://6.vikiplatform.com/image/675a2c9020c34b7db56267227c2d7752.jpg?x=b&a=0x0&s=380x214&q=h&e=t&f=t&cb=1
Série,Droit au cœur,Corée , 9.6 ,72150,https://6.vikiplatform.com/image/f572c9852ff943bbb769770e65a0d19e.jpg?x=b&a=0x0&s=380x214&q=h&e=t&f=t&cb=1
Série,]]The Untamed (L'indompté),Chine Continentale , 9.8 ,33282,https://6.vikiplatform.com/image/ac7ca78b020149ebae1c12792f8220ec.jpg?x=b&a=0x0&s=380x214&q=h&e=t&f=t&cb=1
Série,General's Lady,Chine Continentale , 9.5 ,18392,https://6.vikiplatform.com/image/1bafd39ac8e9454498daa8a68b2259a4.jpg?x=b&a=0x0&s=380x214&q=h&e=t&f=t&cb=1
Série,La Légende de la Mer Bleue,Corée , 9.6 ,74905,https://6.vikiplatform.com/image/1b108b5d64a648d18b73800f1829e74e.jpeg?x=b&s=380x214&q=h&e=t&f=t&cb=1
Série,Sa vie privée,Corée , 9.5 ,76510,https://6.vikiplatform.com/image/7a240d22c5674fc698ac426bd80d6d4f.jpg?x=b&a=0x0&s=380x214&q=h&e=t&f=t&cb=1
Série,Mariage entre collègues,Japon , 9.3 ,22648,https://6.vikiplatform.com/image/29aca1a759e94c598b0efe40596e4bff.jpg?x=b&a=0x0&s=380x214&q=h&e=t&f=t&cb=1
Série,Douluo Continent,Chine Continentale , 9.4 ,9164,https://6.vikiplatform.com/image/3d0e1749b4ad46f9a9840d627cf096de.jpg?x=b&a=0x0&s=380x214&q=h&e=t&f=t&cb=1
Série,Ma petite licorne,Chine Continentale , 9.6 ,57788,https://6.vikiplatform.com/image/10608e291f0c4c69a7e5e7ac5dc9d3ad.jpg?x=b&a=0x0&s=380x214&q=h&e=t&f=t&cb=1
Série,"Go Go Squid 2 : Dt, Appledog's Time",Chine Continentale , 9.0 ,6641,https://6.vikiplatform.com/image/0b8ab3bca9614215a7af005245ca47ec.jpg?x=b&a=0x0&s=380x214&q=h&e=t&f=t&cb=1
Série,Color Rush (La ruée des couleurs),Corée , 9.5 ,37620,https://6.vikiplatform.com/image/825963382c6a4bb89ca251b83dbed9f6.jpg?x=b&a=0x0&s=380x214&q=h&e=t&f=t&cb=1
Série,Mon étrange héros,Corée , 9.5 ,38428,https://6.vikiplatform.com/image/ae4faa395bbc45fb9413d4a622b4e86b.jpg?x=b&a=0x0&s=380x214&q=h&e=t&f=t&cb=1
Série,My ID Is Gangnam Beauty,Corée , 9.5 ,155184,https://6.vikiplatform.com/image/9051fb961bbc4cf2b4d15c30188112f7.jpg?x=b&a=0x0&s=380x214&q=h&e=t&f=t&cb=1
Série,Love Revolution (La Révolution d...,Corée , 9.4 ,41838,https://6.vikiplatform.com/image/a108fc52d8e5447f925a6714b3a215c9.jpg?x=b&a=0x0&s=380x214&q=h&e=t&f=t&cb=1
Série,I-LAND,Corée , 9.7 ,24436,https://6.vikiplatform.com/image/09e003993eb248a0af5e29ac2585bad9.jpg?x=b&a=0x0&s=380x214&q=h&e=t&f=t&cb=1
Série,The Brightest Star in the Sky,Chine Continentale , 9.5 ,39192,https://6.vikiplatform.com/image/709b9b3c0cab4da9a8834b26d8543535.jpg?x=b&a=0x0&s=380x214&q=h&e=t&f=t&cb=1
Série,Lost Romance,Taïwan , 9.6 ,21621,https://6.vikiplatform.com/image/507d9266dcd347f1a8fb0019259530ce.jpg?x=b&a=0x0&s=380x214&q=h&e=t&f=t&cb=1
Série,Écrire ta destinée,Corée , 9.1 ,2857,https://6.vikiplatform.com/image/d857f28996c340adbd9cfa79b90dda3c.jpg?x=b&a=0x0&s=380x214&q=h&e=t&f=t&cb=1
Série,Café et vanille,Japon , 9.0 ,92418,https://6.vikiplatform.com/image/c2f2d4c6655440d794c975cd69148ee4.jpg?x=b&a=0x0&s=380x214&q=h&e=t&f=t&cb=1
Série,Hi ! School : Love On,Corée , 9.3 ,12108,https://6.vikiplatform.com/image/1f92b5ede49640928a6dfbc0824e33c0.jpeg?x=b&s=380x214&q=h&e=t&f=t&cb=1
Série,"Tuez moi, soignez-moi",Corée , 9.7 ,28278,https://6.vikiplatform.com/image/e66cf46d5a604e8fafdcd26f3e97fa0e.jpeg?x=b&s=380x214&q=h&e=t&f=t&cb=1
Série,Pose ta tête sur mon épaule,Chine Continentale , 9.6 ,38756,https://6.vikiplatform.com/image/9b279a006f654dec8fa67210e51ea0fc.jpg?x=b&a=0x0&s=380x214&q=h&e=t&f=t&cb=1
Série,Partenaire suspect,Corée , 9.5 ,72372,https://6.vikiplatform.com/image/4e09157c80ae4f64b7f2ad2ae7f3cbcf.jpeg?x=b&s=380x214&q=h&e=t&f=t&cb=1
Série,Professional Single,Chine Continentale , 9.4 ,26911,https://6.vikiplatform.com/image/b732f36b04474520950168aaec0d87c7.jpg?x=b&a=0x0&s=380x214&q=h&e=t&f=t&cb=1
Série,Go Ahead (Aller de l'avant),Chine Continentale , 9.7 ,53710,https://6.vikiplatform.com/image/2692acf033e041c28cb7620a683b6e47.jpg?x=b&a=0x0&s=380x214&q=h&e=t&f=t&cb=1
Série,À L'ANTENNE How To Be Thirty (Comment avoir ...,Corée , 7.8 ,3127,https://6.vikiplatform.com/image/4e6de138803044fe91322092e504ea3b.jpg?x=b&a=0x0&s=380x214&q=h&e=t&f=t&cb=1
Série,Graceful Family,Corée , 9.4 ,22533,https://6.vikiplatform.com/image/621d39b89c2041a88feef46ebc57d2ef.jpg?x=b&a=0x0&s=380x214&q=h&e=t&f=t&cb=1
Série,Love and Redemption (Amour et ré...,Chine Continentale , 9.5 ,12448,https://6.vikiplatform.com/image/56349fa123374dfab2379f7ee9df68ad.jpg?x=b&a=0x0&s=380x214&q=h&e=t&f=t&cb=1
Série,Juste entre amoureux,Corée , 9.5 ,39207,https://6.vikiplatform.com/image/be9bc86d62804de9b968c04ab4cf2e73.jpeg?x=b&a=0x0&s=380x214&q=h&e=t&f=t&cb=1
Série,À L'ANTENNE Mouse (Souris),Corée , 9.6 ,1303,https://6.vikiplatform.com/image/8e3e8277a57e45e5857014a6669daa7c.jpg?x=b&a=0x0&s=380x214&q=h&e=t&f=t&cb=1
Série,Avocat sans foi ni loi,Corée , 9.6 ,33204,https://6.vikiplatform.com/image/d6f983af291b497697cc339605462265.jpeg?x=b&a=0x0&s=380x214&q=h&e=t&f=t&cb=1
Série,Le Loup,Chine Continentale , 9.3 ,13574,https://6.vikiplatform.com/image/3d47d791637640e6b98fed2647f264db.jpg?x=b&a=0x0&s=380x214&q=h&e=t&f=t&cb=1
Série,La Légende de Fei,Chine Continentale , 9.2 ,7199,https://6.vikiplatform.com/image/51377c7ee1e24d2c9346c5ccb2caf7f2.jpg?x=b&a=0x0&s=380x214&q=h&e=t&f=t&cb=1
Série,Kakafukaka,Japon , 8.1 ,40906,https://6.vikiplatform.com/image/be9ab1beff464534bf806ac372f65a36.jpg?x=b&a=0x0&s=380x214&q=h&e=t&f=t&cb=1
Série,Année Scolaire 2017,Corée , 9.4 ,21368,https://1.viki.io/c/35518c/School-2017_Channel-Thumbnail_1560x872_2_.jpg?x=b&s=380x214&q=h&e=t&f=t&cb=1
Série,HIStory 3: Make Our Days Count,Taïwan , 9.2 ,21162,https://6.vikiplatform.com/image/d5b1d6c5f54e446da3b6b40cc96fe256.jpg?x=b&a=0x0&s=380x214&q=h&e=t&f=t&cb=1
Série,Hotel Del Luna,Corée , 9.6 ,93921,https://6.vikiplatform.com/image/74cc3b3c335c47bb90aa5cae5487246c.jpg?x=b&a=0x0&s=380x214&q=h&e=t&f=t&cb=1
Série,Revenge Note 2,Corée , 9.5 ,25504,https://6.vikiplatform.com/image/f14d538bfacf4599ade9e0c697ac0d0b.jpg?x=b&a=0x0&s=380x214&q=h&e=t&f=t&cb=1
Série,Les descendants du soleil,Corée , 9.7 ,76566,https://6.vikiplatform.com/image/647f70f7bc2a413bb7371e3093f37bda.jpeg?x=b&s=380x214&q=h&e=t&f=t&cb=1
Série,HIStory 3 : Prisonnier,Taïwan , 9.6 ,28889,https://6.vikiplatform.com/image/99d9cbc8c0b9409ba9d058f80fefad8e.jpg?x=b&a=0x0&s=380x214&q=h&e=t&f=t&cb=1
Série,Kiss Goblin,Corée , 9.3 ,52034,https://6.vikiplatform.com/image/aaa9a674435342298236034c0235ded3.jpg?x=b&a=0x0&s=380x214&q=h&e=t&f=t&cb=1
Série,Love Designer,Chine Continentale , 9.3 ,26460,https://6.vikiplatform.com/image/9b2707bfbf4543b1a9ea04df7ac38817.jpg?x=b&a=0x0&s=380x214&q=h&e=t&f=t&cb=1
Série,"Trois vies, trois mondes: le liv...",Chine Continentale , 9.7 ,23800,https://6.vikiplatform.com/image/c64c9e0ae0db4dd9917e1bce7919d3cc.jpg?x=b&a=0x0&s=380x214&q=h&e=t&f=t&cb=1
Série,Hwarang,Corée , 9.6 ,80170,https://6.vikiplatform.com/image/3bf2febad2124597b05d829b10eccd34.jpeg?x=b&s=380x214&q=h&e=t&f=t&cb=1
Série,La légende de Yun Xi,Chine Continentale , 9.2 ,13720,https://6.vikiplatform.com/image/946f3f721a2940618e16543ce0d11e16.jpg?x=b&a=0x0&s=380x214&q=h&e=t&f=t&cb=1
Série,To My Star (À mon étoile),Corée , 9.6 ,14396,https://6.vikiplatform.com/image/14cae1eaf3c349a5a5240e0732c8610b.jpg?x=b&a=0x0&s=380x214&q=h&e=t&f=t&cb=1
Série,Where Stars Land,Corée , 9.3 ,24591,https://6.vikiplatform.com/image/91b1de615bab4dda8d590405b7ae1b63.jpg?x=b&a=0x0&s=380x214&q=h&e=t&f=t&cb=1
Série,Live On,Corée , 9.2 ,19229,https://6.vikiplatform.com/image/fcc97190d8e543f5ada16c80969ccb4f.jpg?x=b&a=0x0&s=380x214&q=h&e=t&f=t&cb=1
Série,Forêt,Corée , 9.3 ,44698,https://6.vikiplatform.com/image/e6ab6497644740289ba89ae06030367a.jpg?x=b&a=0x0&s=380x214&q=h&e=t&f=t&cb=1
Série,Patiner vers l'amour,Chine Continentale , 9.6 ,22885,https://6.vikiplatform.com/image/e55e178451f74e49aa65ff47b51d21ef.jpg?x=b&a=0x0&s=380x214&q=h&e=t&f=t&cb=1
Série,Amour éternel,Chine Continentale , 9.6 ,17522,https://6.vikiplatform.com/image/51e5a65f82b44799afbe7d32e4e96127.jpg?x=b&a=0x0&s=380x214&q=h&e=t&f=t&cb=1
Série,Princess Agents,Chine Continentale , 9.3 ,20186,https://1.viki.io/c/31618c/Princess-Agent_thumbnail_1560x872.jpg?x=b&s=380x214&q=h&e=t&f=t&cb=1
Série,La Légende de Fuyao,Chine Continentale , 9.5 ,19967,https://6.vikiplatform.com/image/77a7c49668fb431f86311b1605173e31.jpg?x=b&a=0x0&s=380x214&q=h&e=t&f=t&cb=1
Série,Sous le pouvoir,Chine Continentale , 9.5 ,9250,https://6.vikiplatform.com/image/6d19dd591c9a47a1a8b650716b28ed8c.jpg?x=b&a=0x0&s=380x214&q=h&e=t&f=t&cb=1
Série,Goong (aKa Princesse Heure) Pala...,Corée , 9.2 ,13010,https://6.vikiplatform.com/image/a5d5ebd93f924de99933c88b17a246db.jpeg?x=b&s=380x214&q=h&e=t&f=t&cb=1
Série,Mr. Heart,Corée , 9.5 ,31255,https://6.vikiplatform.com/image/2f74515e200243938437f10feeb7ce4e.jpg?x=b&a=0x0&s=380x214&q=h&e=t&f=t&cb=1
Série,A Little Thing Called First Love,Chine Continentale , 9.5 ,21097,https://6.vikiplatform.com/image/6967e2f0d71f48aa9703561d11b85865.jpg?x=b&a=0x0&s=380x214&q=h&e=t&f=t&cb=1
Série,My Dear Lady (Ma chère Dame),Chine Continentale , 9.2 ,13697,https://6.vikiplatform.com/image/6d2926ea66bc44018866299894113566.jpg?x=b&a=0x0&s=380x214&q=h&e=t&f=t&cb=1
Série,Master Devil Do Not Kiss Me Sais...,Chine Continentale , 9.1 ,35290,https://6.vikiplatform.com/image/177feb881b1044b9927b05c74679e874.jpg?x=b&a=0x0&s=380x214&q=h&e=t&f=t&cb=1
Série,Baiser Malicieux : L'Amour à Tokyo,Japon , 9.3 ,21580,https://6.vikiplatform.com/image/908ed66c852e48a386f229700c31fb8e.jpeg?x=b&s=380x214&q=h&e=t&f=t&cb=1
Série,Premier amour,Chine Continentale , 9.3 ,34476,https://6.vikiplatform.com/image/f3486b94ddb743fdbe5b47ede8fc0a97.jpg?x=b&a=0x0&s=380x214&q=h&e=t&f=t&cb=1
Série,Équations amoureuses,Chine Continentale , 9.4 ,25351,https://6.vikiplatform.com/image/33c1e8999b87410093c91743a6669e88.jpg?x=b&a=0x0&s=380x214&q=h&e=t&f=t&cb=1
Série,Unrequited Love (Un amour non pa...,Chine Continentale , 8.4 ,5119,https://6.vikiplatform.com/image/6fa20ba71dc84cc6b919bbd39fa6ca47.jpg?x=b&a=0x0&s=380x214&q=h&e=t&f=t&cb=1
Série,A Girl Like Me,Chine Continentale , 9.2 ,2370,https://6.vikiplatform.com/image/17679f4d8ed14335800b9b466164d460.jpg?x=b&a=0x0&s=380x214&q=h&e=t&f=t&cb=1
Série,Rencontre fortuite,La Thaïlande , 9.5 ,19046,https://6.vikiplatform.com/image/a623d779854044389a85c9d93f6ad92a.jpg?x=b&a=0x0&s=380x214&q=h&e=t&f=t&cb=1
Série,The Fox's Summer,Chine Continentale , 9.1 ,33543,https://6.vikiplatform.com/image/4a0573575ee2407099bdf46d1cdf5fd9.jpeg?x=b&a=0x0&s=380x214&q=h&e=t&f=t&cb=1
Série,Arsenal Military Academy,Chine Continentale , 9.5 ,15278,https://6.vikiplatform.com/image/26778f13304c424aad0c09d64b787e65.jpg?x=b&a=0x0&s=380x214&q=h&e=t&f=t&cb=1
Série,À cause de toi 2020,Taïwan , 9.2 ,28202,https://6.vikiplatform.com/image/e0342b9c40d246f7b86557800c8e27d2.jpg?x=b&a=0x0&s=380x214&q=h&e=t&f=t&cb=1
Série,Oh ! Ma Douce Menteuse !,Chine Continentale , 9.3 ,4172,https://6.vikiplatform.com/image/6a09f7a094fa4c539822e062860e9746.jpg?x=b&a=0x0&s=380x214&q=h&e=t&f=t&cb=1
Série,Sois mon chat,Chine Continentale , 9.4 ,1705,https://6.vikiplatform.com/image/11601db3612a4dee918b349ac9d7b7f0.jpg?x=b&a=0x0&s=380x214&q=h&e=t&f=t&cb=1
Série,Revenge Note 1,Corée , 9.3 ,36257,https://6.vikiplatform.com/image/58e7f7c48a794992811b1e97f3a453cb.jpg?x=b&a=0x0&s=380x214&q=h&e=t&f=t&cb=1
Série,Il est psychométrique,Corée , 9.6 ,41920,https://6.vikiplatform.com/image/1639514b030f416790310c38e58daf27.jpg?x=b&a=0x0&s=380x214&q=h&e=t&f=t&cb=1
Série,Un amour bien intentionné Saison 2,Chine Continentale , 9.2 ,14562,https://6.vikiplatform.com/image/de4946b62413443e918bbb962a9cc129.jpg?x=b&a=0x0&s=380x214&q=h&e=t&f=t&cb=1
Série,My Girl,Chine Continentale , 9.3 ,31613,https://6.vikiplatform.com/image/9684bd3228bd42108bee9ad99d7cfc5b.jpg?x=b&a=0x0&s=380x214&q=h&e=t&f=t&cb=1
Série,Un petit ami absolu,Corée , 9.2 ,23425,https://6.vikiplatform.com/image/7036fb3816b241ae8da079f623a766f0.jpg?x=b&a=0x0&s=380x214&q=h&e=t&f=t&cb=1
Série,La Dernière Impératrice,Corée , 9.3 ,13142,https://6.vikiplatform.com/image/007bba757fc54bc58afade55f108d582.jpg?x=b&a=0x0&s=380x214&q=h&e=t&f=t&cb=1
Série,Juste une question de goût,Corée , 9.3 ,76148,https://6.vikiplatform.com/image/6078877c44ad4481bfa87e0de51ab148.jpg?x=b&a=0x0&s=380x214&q=h&e=t&f=t&cb=1
Série,Tes yeux ont perdu le sourire,Corée , 9.3 ,24523,https://6.vikiplatform.com/image/ae17998ca9ec411294be5ebb9daad823.jpg?x=b&a=0x0&s=380x214&q=h&e=t&f=t&cb=1
Série,L'Épouse du Dieu de l'eau,Corée , 9.2 ,39137,https://6.vikiplatform.com/image/683950b85f114be89712a8a97186691c.jpeg?x=b&s=380x214&q=h&e=t&f=t&cb=1
Série,"Le seul amour dont je rêve, c'es...",Chine Continentale , 9.1 ,23239,https://6.vikiplatform.com/image/5674cebf56fd4a71984c2377ff935961.jpg?x=b&a=0x0&s=380x214&q=h&e=t&f=t&cb=1
Série,Cendres d'amour,Chine Continentale , 9.7 ,21725,https://6.vikiplatform.com/image/d965360bf1aa4c57989d4979b4e8aa14.jpg?x=b&a=0x0&s=380x214&q=h&e=t&f=t&cb=1
Série,Forever Love,Chine Continentale , 9.6 ,10002,https://6.vikiplatform.com/image/af001fe8baf04ffc9323838ba8c0dac7.jpg?x=b&a=0x0&s=380x214&q=h&e=t&f=t&cb=1
Série,« L'histoire de Ming Lan »,Chine Continentale , 9.6 ,9994,https://6.vikiplatform.com/image/1c590871d42544bdaf3c1f71d2fdcc5d.jpg?x=b&a=0x0&s=380x214&q=h&e=t&f=t&cb=1
Série,Cendrillon et les Quatre Chevaliers,Corée , 9.5 ,56708,https://6.vikiplatform.com/image/2caad85a35ff4dd3b410a3ec63c14d47.jpg?x=b&a=0x0&s=380x214&q=h&e=t&f=t&cb=1
Série,"Viens te battre, fantôme",Corée , 9.5 ,16784,https://6.vikiplatform.com/image/2960d42659134137b2f408f3b8fa345d.jpeg?x=b&s=380x214&q=h&e=t&f=t&cb=1
Série,Baiser Malicieux 2: L'amour à TOKYO,Japon , 9.6 ,23141,https://6.vikiplatform.com/image/217f1cc33eb04481a396c49fa02a24d0.jpeg?x=b&s=380x214&q=h&e=t&f=t&cb=1
Série,Bleu foncé et clair de lune,Taïwan , 8.4 ,15614,https://6.vikiplatform.com/image/2bb06733249c422896079551e30c0ca7.jpg?x=b&a=0x0&s=380x214&q=h&e=t&f=t&cb=1
Série,"Plutôt que pompette, pourquoi ne...",Chine Continentale , 9.3 ,23257,https://6.vikiplatform.com/image/ab9d61d63e3842dc9a05e0e3a8141357.jpg?x=b&a=0x0&s=380x214&q=h&e=t&f=t&cb=1
Série,Notre glorieuse époque,Chine Continentale , 9.3 ,8398,https://6.vikiplatform.com/image/3788f0c6d8f34d86a90c6c0d97198891.jpg?x=b&a=0x0&s=380x214&q=h&e=t&f=t&cb=1
Série,Rencontre en cuisine,Chine Continentale , 9.5 ,27874,https://6.vikiplatform.com/image/71fe13df1d384fd5a9fa14cb28f52602.jpg?x=b&a=0x0&s=380x214&q=h&e=t&f=t&cb=1
Série,L'amour éternel,Chine Continentale , 9.4 ,17833,https://1.viki.io/c/35557c/the-eternal-love-780x436.jpg?x=b&s=380x214&q=h&e=t&f=t&cb=1
Série,Pinocchio,Corée , 9.5 ,47126,https://6.vikiplatform.com/image/3f24f4ca63334c40b303780518299e7f.jpeg?x=b&s=380x214&q=h&e=t&f=t&cb=1
Série,Uncontrollably Fond,Corée , 9.3 ,23695,https://6.vikiplatform.com/image/f5eb4e6ac27b4bd3a87eb8ef5896973a.jpeg?x=b&s=380x214&q=h&e=t&f=t&cb=1
Série,L.U.C.A.: The Beginning,Corée , 8.7 ,4546,https://6.vikiplatform.com/image/5c979d8bb92b441e84a8319cae26c614.jpg?x=b&a=0x0&s=380x214&q=h&e=t&f=t&cb=1
Série,The Romance of Tiger and Rose (L...,Chine Continentale , 9.6 ,22133,https://6.vikiplatform.com/image/0db628a30f664c6f86067d62c5749235.jpg?x=b&a=0x0&s=380x214&q=h&e=t&f=t&cb=1
Série,La dernière mission d'Angel : l'...,Corée , 9.6 ,39430,https://6.vikiplatform.com/image/395c648497e64dc6bc7ea69e1a372a3d.jpg?x=b&a=0x0&s=380x214&q=h&e=t&f=t&cb=1
Série,The World Owes Me A First Love,Chine Continentale , 9.5 ,37512,https://6.vikiplatform.com/image/159e9dea9c7b487d8b4061e30127d280.jpg?x=b&a=0x0&s=380x214&q=h&e=t&f=t&cb=1
Série,Le général et moi,Chine Continentale , 9.4 ,7212,https://6.vikiplatform.com/image/e6a23c17db954d78b73659d23e3bd30e.jpg?x=b&a=0x0&s=380x214&q=h&e=t&f=t&cb=1
Série,Best Mistake,Corée , 9.3 ,37966,https://6.vikiplatform.com/image/e773b22ff7c74ac5a049782a60a2dc71.jpg?x=b&a=0x0&s=380x214&q=h&e=t&f=t&cb=1
Série,Brillant Héritage,Corée , 9.2 ,7451,https://6.vikiplatform.com/image/ede9e1b64f554ecba2a9ec8ed1e732fb.jpeg?x=b&s=380x214&q=h&e=t&f=t&cb=1
Série,Compte Tes Bonnes Étoiles,Chine Continentale , 9.1 ,16967,https://6.vikiplatform.com/image/261ce352c6be47f899c20ead292152e0.jpg?x=b&a=0x0&s=380x214&q=h&e=t&f=t&cb=1
Série,Les indatables,Corée , 9.2 ,10920,https://6.vikiplatform.com/image/7c9e4a5fd5564d1b9b5f7942ba923ce0.jpeg?x=b&a=0x0&s=380x214&q=h&e=t&f=t&cb=1
Série,Here to Heart,Chine Continentale , 9.0 ,9074,https://6.vikiplatform.com/image/d12047905f6c4d02991cf6cbdede331f.jpeg?x=b&a=0x0&s=380x214&q=h&e=t&f=t&cb=1
Série,Dr. Romantic 2,Corée , 9.7 ,20724,https://6.vikiplatform.com/image/9cc0bbe73e2c475dbe0f4e108588c133.jpg?x=b&a=0x0&s=380x214&q=h&e=t&f=t&cb=1
Série,Baiser Joueur,Corée , 9.3 ,55308,https://6.vikiplatform.com/image/7df2c60811bd4dffae2e97c3dad29ba3.jpeg?x=b&s=380x214&q=h&e=t&f=t&cb=1
Série,Bromance,Taïwan , 9.3 ,8325,https://6.vikiplatform.com/image/633828dd05d642adb32e88d5ba8d1a9b.jpeg?x=b&s=380x214&q=h&e=t&f=t&cb=1
Série,"Maître Diable, ne m'embrassez pa...",Chine Continentale , 9.0 ,26337,https://6.vikiplatform.com/image/ff1e06fed53644639053663d80eed378.jpg?x=b&a=0x0&s=380x214&q=h&e=t&f=t&cb=1
Série,Mon combat,Corée , 9.6 ,39336,https://6.vikiplatform.com/image/ccffa4b7b5d14a0caf7f1ed03ebc9256.jpeg?x=b&s=380x214&q=h&e=t&f=t&cb=1
Série,Love of Thousand Years,Chine Continentale , 9.1 ,2594,https://6.vikiplatform.com/image/b8133280f9554e5b942919664115a8dc.jpg?x=b&a=0x0&s=380x214&q=h&e=t&f=t&cb=1
Série,Destiné à t'aimer,Corée , 9.6 ,20146,https://6.vikiplatform.com/image/da376942a67c4d7dba263b2220d0a6d5.jpeg?x=b&s=380x214&q=h&e=t&f=t&cb=1
Série,Dance of the Phoenix,Chine Continentale , 8.5 ,14455,https://6.vikiplatform.com/image/cb588f8ba2fe461ab32268283a72cb7c.jpg?x=b&a=0x0&s=380x214&q=h&e=t&f=t&cb=1
Série,Mr Swimmer,Chine Continentale , 9.1 ,9466,https://6.vikiplatform.com/image/feca82e4cda945459d9328299a005551.jpg?x=b&a=0x0&s=380x214&q=h&e=t&f=t&cb=1
Série,À L'ANTENNE Rattan,Chine Continentale , 9.3 ,372,https://6.vikiplatform.com/image/6040c282e0774b6b87c25a0b393ba51a.jpg?x=b&a=0x0&s=380x214&q=h&e=t&f=t&cb=1
Série,Nobles garçons,Japon , 9.1 ,11942,https://6.vikiplatform.com/image/f45e62739c1e46d98eb1b8865b9fb142.jpg?x=b&a=0x0&s=380x214&q=h&e=t&f=t&cb=1
Série,À L'ANTENNE Summer Guys,Corée , 8.7 ,155,https://6.vikiplatform.com/image/bf615a3795554ec380e20956e3342414.jpg?x=b&a=0x0&s=380x214&q=h&e=t&f=t&cb=1
Série,Tisser une histoire d'amour,Chine Continentale , 8.8 ,2110,https://6.vikiplatform.com/image/2289a8540ec64d95b8c8aeecedf6a3e7.jpg?x=b&a=0x0&s=380x214&q=h&e=t&f=t&cb=1
Série,"Fonce, on y va",Corée , 9.5 ,19638,https://6.vikiplatform.com/image/61fbb7854b3e4520afba3dd444c2fa72.jpeg?x=b&s=380x214&q=h&e=t&f=t&cb=1
Série,À L'ANTENNE Mon mari héroïque,Chine Continentale , 9.2 ,214,https://6.vikiplatform.com/image/6e92eb84fd5443119e7723acbc562bf0.jpg?x=b&a=0x0&s=380x214&q=h&e=t&f=t&cb=1
Série,Les Légendes,Chine Continentale , 9.2 ,10317,https://6.vikiplatform.com/image/a70abb60db744f6ab7839d0abc5e4907.jpg?x=b&a=0x0&s=380x214&q=h&e=t&f=t&cb=1
Série,Le souhait du rebut,Japon , 7.9 ,27967,https://6.vikiplatform.com/image/56bd53566543473ab281f96656240d1d.jpg?x=b&a=0x0&s=380x214&q=h&e=t&f=t&cb=1
Série,High-End Crush (Un coup de cœur ...,Corée , 9.1 ,28758,https://6.vikiplatform.com/image/e8b65e1adfc245d6a47635a8679f8b1f.jpg?x=b&a=0x0&s=380x214&q=h&e=t&f=t&cb=1
Série,À L'ANTENNE Taxi Driver,Corée , 9.6 ,197,https://6.vikiplatform.com/image/f2a54a3950d143dcb75975981048bb35.jpg?x=b&a=0x0&s=380x214&q=h&e=t&f=t&cb=1
Série,L'amour à la maison,Corée , 9.4 ,1722,https://6.vikiplatform.com/image/de16779ad9894270a9b48e49a3fc14eb.jpg?x=b&a=0x0&s=380x214&q=h&e=t&f=t&cb=1
Série,Kill It,Corée , 9.4 ,18812,https://6.vikiplatform.com/image/2fa64d2f095f485b91fdcab49fe954be.jpg?x=b&a=0x0&s=380x214&q=h&e=t&f=t&cb=1
Série,L'Histoire du palais Yanxi,Chine Continentale , 9.6 ,9845,https://6.vikiplatform.com/image/e6111860825f49ba8f358b52fa555948.jpg?x=b&a=0x0&s=380x214&q=h&e=t&f=t&cb=1
Série,"Meow, le garçon secret",Corée , 9.3 ,45726,https://6.vikiplatform.com/image/4a80b3760c1642839fa41b32e9eda109.jpg?x=b&a=0x0&s=380x214&q=h&e=t&f=t&cb=1
Série,Accro,Chine Continentale , 9.4 ,16340,https://6.vikiplatform.com/image/929c6b27e41d42f4b253e3052c08e7c6.jpeg?x=b&s=380x214&q=h&e=t&f=t&cb=1
Série,Retour vers l'amour,Chine Continentale , 9.2 ,9811,https://6.vikiplatform.com/image/b39d1aa17fca474eb67028122c00df92.jpg?x=b&a=0x0&s=380x214&q=h&e=t&f=t&cb=1
Série,Shopping King Louie,Corée , 9.5 ,13268,https://6.vikiplatform.com/image/56d228d6ab084f9d965337b3ac9ed119.jpeg?x=b&s=380x214&q=h&e=t&f=t&cb=1
Série,Mémoriste,Corée , 9.5 ,18564,https://6.vikiplatform.com/image/f52d2821f5614fc98d032c36a2c01e58.jpg?x=b&a=0x0&s=380x214&q=h&e=t&f=t&cb=1
Série,La lune s'illumine pour vous,Chine Continentale , 9.4 ,6795,https://6.vikiplatform.com/image/b2461ffca24b4a7fae6ed8804c636782.jpg?x=b&a=0x0&s=380x214&q=h&e=t&f=t&cb=1
Série,Jiu Liu Overlord,Chine Continentale , 9.1 ,3035,https://6.vikiplatform.com/image/1918fc063a4a4a9894db7ab0acd03324.jpg?x=b&a=0x0&s=380x214&q=h&e=t&f=t&cb=1
Série,Boys Over Flowers,Corée , 9.4 ,65483,https://6.vikiplatform.com/image/3cbf77dfea414e648780c4ed854f7072.jpeg?x=b&s=380x214&q=h&e=t&f=t&cb=1
Série,Secret,Corée , 9.5 ,12068,https://6.vikiplatform.com/image/79eaa76f3d384db3a7eb871474c44921.jpeg?x=b&s=380x214&q=h&e=t&f=t&cb=1
Série,L'été du Renard 2,Chine Continentale , 9.3 ,19586,https://6.vikiplatform.com/image/beb3c3b2f5b1438792aa965e75b33e4f.jpeg?x=b&a=0x0&s=380x214&q=h&e=t&f=t&cb=1
Série,Fate,Chine Continentale , 8.5 ,2031,https://6.vikiplatform.com/image/716199ae529b414e9af3742eec9464ed.jpg?x=b&a=0x0&s=380x214&q=h&e=t&f=t&cb=1
Série,"Rich Man, Poor Woman",Corée , 9.0 ,30686,https://6.vikiplatform.com/image/655c8ed7ac8f464d9e91ab63b692a4d9.jpeg?x=b&a=0x0&s=380x214&q=h&e=t&f=t&cb=1
Série,Oh My General,Chine Continentale , 9.2 ,8246,https://6.vikiplatform.com/image/a6168c576e6343c9990a5e3eb5b72001.jpeg?x=b&a=0x0&s=380x214&q=h&e=t&f=t&cb=1
Série,Rencontre,Corée , 9.5 ,42180,https://6.vikiplatform.com/image/6a5e2576286f437c81ba9e6c7ae95fa1.jpg?x=b&a=0x0&s=380x214&q=h&e=t&f=t&cb=1
Série,Avant notre mariage,Taïwan , 9.2 ,34396,https://6.vikiplatform.com/image/d7482f8f2a614dcba5f5af4d68fa6de0.jpg?x=b&a=0x0&s=380x214&q=h&e=t&f=t&cb=1
Série,Un si bel amour,Chine Continentale , 9.5 ,48924,https://6.vikiplatform.com/image/0d1b9ba6d9bb4487874edb0ad2b49fe5.jpeg?x=b&a=0x0&s=380x214&q=h&e=t&f=t&cb=1
Série,J'irai quand il fera beau,Corée , 9.3 ,34440,https://6.vikiplatform.com/image/f88b0d57c3f54e50937a79af82c35ecd.jpg?x=b&a=0x0&s=380x214&q=h&e=t&f=t&cb=1
Série,In A Class of Her Own,Chine Continentale , 9.4 ,9964,https://6.vikiplatform.com/image/2fd0caacce0342ecb5c6784fa250322d.jpg?x=b&a=0x0&s=380x214&q=h&e=t&f=t&cb=1
Série,Recherche : WWW,Corée , 9.4 ,29856,https://6.vikiplatform.com/image/b578a2cb57454fd0ab4a51581997d1a9.jpg?x=b&a=0x0&s=380x214&q=h&e=t&f=t&cb=1
Série,L'Institut Moorim,Corée , 9.4 ,19586,https://6.vikiplatform.com/image/3c9f0d2b1fd64e84be1b1058007a5a51.jpeg?x=b&s=380x214&q=h&e=t&f=t&cb=1
Série,"Marriage, Not dating",Corée , 9.3 ,18839,https://6.vikiplatform.com/image/c89a3159449c44c481d7ef84de9a38be.jpeg?x=b&s=380x214&q=h&e=t&f=t&cb=1
Série,The Tale of Nokdu,Corée , 9.5 ,34018,https://6.vikiplatform.com/image/3f52c007db5a48c283d511e53fbae12d.jpg?x=b&a=0x0&s=380x214&q=h&e=t&f=t&cb=1
Série,Healer,Corée , 9.7 ,47471,https://6.vikiplatform.com/image/e7fbe23155584c1bb23ef49b800d9767.jpeg?x=b&a=0x0&s=380x214&q=h&e=t&f=t&cb=1
Série,Aime-moi si tu oses,Chine Continentale , 9.5 ,16598,https://6.vikiplatform.com/image/ce756d6f18ce44e7a956141db495b050.jpeg?x=b&s=380x214&q=h&e=t&f=t&cb=1
Série,Enchanté de faire votre connaiss...,Chine Continentale , 9.3 ,9786,https://6.vikiplatform.com/image/764123372f8c41a6817aeb4797e09fef.jpg?x=b&a=0x0&s=380x214&q=h&e=t&f=t&cb=1
Série,Thirty But Seventeen,Corée , 9.6 ,57996,https://6.vikiplatform.com/image/c40edc49f4ab4fef8458337940960eab.jpg?x=b&a=0x0&s=380x214&q=h&e=t&f=t&cb=1
Série,Oh ! My Emperor,Chine Continentale , 9.2 ,9725,https://6.vikiplatform.com/image/fdb9eeb1b1b24a27934fd2c5c865b194.jpg?x=b&a=0x0&s=380x214&q=h&e=t&f=t&cb=1
Série,Qui es-tu : L'école 2015,Corée , 9.3 ,34346,https://6.vikiplatform.com/image/10711508e4f247d09bd905b65fdb4845.jpeg?x=b&s=380x214&q=h&e=t&f=t&cb=1
Série,"Un jour, je me suis souvenu de lui",Chine Continentale , 8.5 ,672,https://6.vikiplatform.com/image/d18e79646a494342a503f3bded34a4de.jpg?x=b&a=0x0&s=380x214&q=h&e=t&f=t&cb=1
Série,Elle était jolie,Corée , 9.5 ,38936,https://6.vikiplatform.com/image/36d6d85494f0460e9c65346d3ed46262.jpeg?x=b&s=380x214&q=h&e=t&f=t&cb=1
Série,HIStory 2,Taïwan , 9.5 ,19838,https://6.vikiplatform.com/image/3bad1abd810b4ff1bb98872ca8bbf4a1.jpg?x=b&a=0x0&s=380x214&q=h&e=t&f=t&cb=1
Série,Awaken,Corée , 9.5 ,7080,https://6.vikiplatform.com/image/fefb45a92c85402d84b577dce7cec3ff.jpg?x=b&a=0x0&s=380x214&q=h&e=t&f=t&cb=1
Série,Les Héritiers,Corée , 9.4 ,89786,https://6.vikiplatform.com/image/1e2423c802474fe0b3ef43090abfc610.jpg?x=b&a=0x0&s=380x214&q=h&e=t&f=t&cb=1
Série,Dr Canon,Chine Continentale , 9.4 ,13872,https://6.vikiplatform.com/image/8e56ba16f4a9486e9546d290cf90e55e.jpg?x=b&a=0x0&s=380x214&q=h&e=t&f=t&cb=1
Série,Une fois de plus,Corée , 9.7 ,9271,https://6.vikiplatform.com/image/791052c0dbc24d6aa415fb1bf41d125a.jpg?x=b&a=0x0&s=380x214&q=h&e=t&f=t&cb=1
Série,Sword Dynasty (La Dynastie de l'...,Chine Continentale , 8.6 ,2354,https://6.vikiplatform.com/image/4b17f7edbe174f7f9cdbdc7a47d28d93.jpg?x=b&a=0x0&s=380x214&q=h&e=t&f=t&cb=1
Série,Derrière ton sourire,Taïwan , 9.2 ,17046,https://6.vikiplatform.com/image/d87d038c6afc4f80a8a4369bb17d1992.jpeg?x=b&s=380x214&q=h&e=t&f=t&cb=1
Série,Love By Chance 2,La Thaïlande , 9.2 ,7843,https://6.vikiplatform.com/image/ab5cc8d2f63f49ebb3fc53759a13e5e9.jpg?x=b&a=0x0&s=380x214&q=h&e=t&f=t&cb=1
Série,Maiden Holmes,Chine Continentale , 9.5 ,11278,https://6.vikiplatform.com/image/2af59a0582d24d3381b3bbac754ec6c0.jpg?x=b&a=0x0&s=380x214&q=h&e=t&f=t&cb=1
Série,You Are My Destiny (JP),Japon , 7.5 ,14272,https://6.vikiplatform.com/image/ceb9e3fd5eb7476cafa8014903f01676.jpg?x=b&a=0x0&s=380x214&q=h&e=t&f=t&cb=1
Série,Mon incroyable petit ami,Chine Continentale , 9.3 ,21350,https://6.vikiplatform.com/image/9ec7911844654c9493bba3fcb6e5cad6.jpeg?x=b&s=380x214&q=h&e=t&f=t&cb=1
Série,"My Love, Enlighten Me (Mon amour...",Chine Continentale , 9.6 ,26225,https://6.vikiplatform.com/image/3f97271d736c4d10bce8fd5d125cbc57.jpg?x=b&a=0x0&s=380x214&q=h&e=t&f=t&cb=1
Série,Le K2,Corée , 9.2 ,46638,https://6.vikiplatform.com/image/69fd970f31e240e3a42e3bc3828dc222.jpeg?x=b&s=380x214&q=h&e=t&f=t&cb=1
Série,Chef Cendrillon,Chine Continentale , 9.1 ,7197,https://6.vikiplatform.com/image/018b66fba7aa4451a5b679254fabd5e0.jpg?x=b&a=0x0&s=380x214&q=h&e=t&f=t&cb=1
Série,La fille bénie,Chine Continentale , 8.7 ,1122,https://6.vikiplatform.com/image/a3ab5ae268d041068568198453552909.jpg?x=b&a=0x0&s=380x214&q=h&e=t&f=t&cb=1
Série,The Eternal Love 2,Chine Continentale , 9.5 ,16512,https://6.vikiplatform.com/image/4e7edd4f4cb94b73a1a19bb2a42ed50f.jpg?x=b&a=0x0&s=380x214&q=h&e=t&f=t&cb=1
Série,Tu es belle,Corée , 9.3 ,20182,https://1.viki.io/c/442c/You're_Beautiful_2_.jpg?x=b&s=380x214&q=h&e=t&f=t&cb=1
Série,Fights Break Sphere,Chine Continentale , 9.4 ,5292,https://6.vikiplatform.com/image/d7d2a0ec1c7c49ea84bfe20c187d63ad.jpg?x=b&a=0x0&s=380x214&q=h&e=t&f=t&cb=1
Série,Le grand maître du taoïsme,Chine Continentale , 8.9 ,1151,https://6.vikiplatform.com/image/8143b4d0e8204b10b1bc40a75532e7ca.jpg?x=b&a=0x0&s=380x214&q=h&e=t&f=t&cb=1
Série,"Oh, Vénus",Corée , 9.7 ,84613,https://6.vikiplatform.com/image/5a235130e607476697531bf8920ffea4.jpeg?x=b&s=380x214&q=h&e=t&f=t&cb=1
Série,Plus que de simples amis,Corée , 8.9 ,21021,https://6.vikiplatform.com/image/447353916a6048cc912a4865d1c02840.jpg?x=b&a=0x0&s=380x214&q=h&e=t&f=t&cb=1
Série,Bienvenue à Waikiki,Corée , 9.6 ,28555,https://6.vikiplatform.com/image/b702d8cd759f4794ad415d5b14af0cb5.jpg?x=b&a=0x0&s=380x214&q=h&e=t&f=t&cb=1
Série,"Attention, Love!",Taïwan , 9.4 ,15426,https://1.viki.io/c/35551c/Attention-Love_channel-thumbnail_1560x872.jpg?x=b&s=380x214&q=h&e=t&f=t&cb=1
Série,Best Mistake 2 (La meilleure des...,Corée , 9.4 ,17683,https://6.vikiplatform.com/image/a468d0297f7d4dc4967e5f742661be09.jpg?x=b&a=0x0&s=380x214&q=h&e=t&f=t&cb=1
Série,La princesse Weiyoung,Chine Continentale , 9.4 ,5837,https://6.vikiplatform.com/image/9af632c9eebb438d8b4196882be3bf9e.jpg?x=b&a=0x0&s=380x214&q=h&e=t&f=t&cb=1
Série,Love Better Than Immortality,Chine Continentale , 9.1 ,5290,https://6.vikiplatform.com/image/fb1029ffadea43aebd4b0ba30e942169.jpg?x=b&a=0x0&s=380x214&q=h&e=t&f=t&cb=1
Série,La femme du roi,Chine Continentale , 8.8 ,11452,https://1.viki.io/c/34371c/the-king's-woman-1560x872.jpg?x=b&s=380x214&q=h&e=t&f=t&cb=1
Série,La Fille Tornade 2,Chine Continentale , 8.8 ,16945,
Série,Le romancier,Japon , 8.6 ,18889,
Série,A Witch's Romance,Corée , 9.3 ,16735,
Série,Le grand médecin,Corée , 9.3 ,14151,
Série,1% of Something,Corée , 9.5 ,47098,https://6.vikiplatform.com/image/06080fa1219b43e38bdd0ef1f9b7d2b4.jpg?x=b&a=0x0&s=380x214&q=h&e=t&f=t&cb=1
Série,La vie secrète de ma secrétaire,Corée , 9.4 ,31897,https://6.vikiplatform.com/image/938ad7b4c515462bbce45ee20889bf44.jpg?x=b&a=0x0&s=380x214&q=h&e=t&f=t&cb=1
Série,I Remember You,Corée , 9.3 ,16914,https://6.vikiplatform.com/image/0642861b70f743f09b130362d4cf65fa.jpeg?x=b&s=380x214&q=h&e=t&f=t&cb=1
Série,Détective zombie,Corée , 9.4 ,10571,https://6.vikiplatform.com/image/b386a379af1d43f6ab7037f07cc2a3ab.jpg?x=b&a=0x0&s=380x214&q=h&e=t&f=t&cb=1
Série,Un homme innocent,Corée , 9.2 ,11923,https://6.vikiplatform.com/image/37aebb2e91d3435e8cd99222d667b10f.jpeg?x=b&s=380x214&q=h&e=t&f=t&cb=1
Série,Le plus grand succès,Corée , 9.3 ,13500,https://6.vikiplatform.com/image/b05310be2b394f1b90c69b6021feaf27.jpg?x=b&a=0x0&s=380x214&q=h&e=t&f=t&cb=1
Série,Êtes-vous aussi un être humain ?,Corée , 9.6 ,57937,https://6.vikiplatform.com/image/de751c9f4f7e49fd810ed6557df3bf71.jpg?x=b&a=0x0&s=380x214&q=h&e=t&f=t&cb=1
Série,Docteur étranger,Corée , 9.1 ,28739,https://6.vikiplatform.com/image/8f640a560945439aa56a93afcfe8f0c1.jpeg?x=b&s=380x214&q=h&e=t&f=t&cb=1
Série,Sweet Combat,Chine Continentale , 9.3 ,17282,https://6.vikiplatform.com/image/5e99efc6a3f04a36a6d96f77297e2cbb.jpg?x=b&a=0x0&s=380x214&q=h&e=t&f=t&cb=1
Série,Ma petite amie,Chine Continentale , 9.2 ,9427,https://6.vikiplatform.com/image/396f702c0e914ec996ebbbb2d5be5fe8.jpg?x=b&a=0x0&s=380x214&q=h&e=t&f=t&cb=1
Série,Un amour si romantique,Chine Continentale , 9.1 ,1918,https://6.vikiplatform.com/image/62a3e6d0ce1e4e1fb31dce3363944a40.jpg?x=b&a=0x0&s=380x214&q=h&e=t&f=t&cb=1
Série,Beautiful Love Wonderful Life,Corée , 9.3 ,5315,https://6.vikiplatform.com/image/e6a2c621b316438795d32fa6282622a7.jpg?x=b&a=0x0&s=380x214&q=h&e=t&f=t&cb=1
Série,La Fleur et la Bête Saison 1,Japon , 8.8 ,12371,https://6.vikiplatform.com/image/a1a89361403949b98ed3f0454bc3c781.jpg?x=b&a=0x0&s=380x214&q=h&e=t&f=t&cb=1
Série,Le Roi du Lycée,Corée , 9.1 ,1902,https://6.vikiplatform.com/image/6654ee52f78948969a0b3fb41bd71fb1.jpeg?x=b&s=380x214&q=h&e=t&f=t&cb=1
Série,L'amour dure deux esprits,Chine Continentale , 9.1 ,2324,https://6.vikiplatform.com/image/487d99e6298248e5872836a2e2d21329.jpg?x=b&a=0x0&s=380x214&q=h&e=t&f=t&cb=1
Série,Ever Night,Chine Continentale , 9.4 ,7648,https://6.vikiplatform.com/image/20b5a6a36f514593a588a701f3cfe0f8.jpg?x=b&a=0x0&s=380x214&q=h&e=t&f=t&cb=1
Série,J'ai un amant,Corée , 9.3 ,6770,https://6.vikiplatform.com/image/ad4e8ed96dec44b99c24f8ec56a65932.jpeg?x=b&s=380x214&q=h&e=t&f=t&cb=1
Série,Mon incroyable copain 2 : une im...,Chine Continentale , 9.2 ,19632,https://6.vikiplatform.com/image/985d3de5d30141aca678b1e70de35c1b.jpg?x=b&a=0x0&s=380x214&q=h&e=t&f=t&cb=1
Série,The Best of You in My Mind (Le m...,Chine Continentale , 9.5 ,18591,https://6.vikiplatform.com/image/f7ddbdc8b90c4489969911b83d60a141.jpg?x=b&a=0x0&s=380x214&q=h&e=t&f=t&cb=1
Série,Couple d'Urgence,Corée , 9.4 ,17873,https://6.vikiplatform.com/image/dfd4e81f6b934f1099d58c94f9bfd356.jpeg?x=b&s=380x214&q=h&e=t&f=t&cb=1
Série,La lune embrassant le soleil.,Corée , 9.5 ,11437,https://6.vikiplatform.com/image/3c8b3d2c4f5745d088f108e0680faea4.jpeg?x=b&s=380x214&q=h&e=t&f=t&cb=1
Série,Qing Qing Zi Jin,Chine Continentale , 9.5 ,3679,https://6.vikiplatform.com/image/e0d1a1e2fb7b4d36819f589a420d36eb.jpg?x=b&a=0x0&s=380x214&q=h&e=t&f=t&cb=1
Série,Love Script,Chine Continentale , 9.1 ,2322,https://6.vikiplatform.com/image/3bfa45f3c9e34876ac7a84e3e72b886b.jpg?x=b&a=0x0&s=380x214&q=h&e=t&f=t&cb=1
Série,Fais de beaux rêves,Chine Continentale , 9.1 ,9963,https://6.vikiplatform.com/image/30f743d8875d44579a24f65877624a93.jpg?x=b&a=0x0&s=380x214&q=h&e=t&f=t&cb=1
Série,The Temperature of Language: Our...,Corée , 9.3 ,8514,https://6.vikiplatform.com/image/a299fa23531546979836aeff7f9d2546.jpg?x=b&a=0x0&s=380x214&q=h&e=t&f=t&cb=1
Série,La Température de l'amour,Corée , 9.1 ,3184,https://1.viki.io/c/35629c/Degree-of-Love_thumbnail_780x436.jpg?x=b&s=380x214&q=h&e=t&f=t&cb=1
Série,Twisted Fate of Love (Le destin ...,Chine Continentale , 8.9 ,2437,https://6.vikiplatform.com/image/c933e84586e94e5fb4e7c26f85425ebf.jpg?x=b&a=0x0&s=380x214&q=h&e=t&f=t&cb=1
Série,The World of My 17 (L'Univers de...,Corée , 9.4 ,15765,https://6.vikiplatform.com/image/7ce65a53a3874fca983f34366a3c0e53.jpg?x=b&a=0x0&s=380x214&q=h&e=t&f=t&cb=1
Série,Search,Corée , 9.5 ,10410,https://6.vikiplatform.com/image/fe925d904b1444ce8033af9d7924f0fc.jpg?x=b&a=0x0&s=380x214&q=h&e=t&f=t&cb=1
Série,Midsummer is Full of Hearts,Chine Continentale , 9.1 ,13522,https://6.vikiplatform.com/image/1edab41a062c4e769df48f29cc7fce01.jpg?x=b&a=0x0&s=380x214&q=h&e=t&f=t&cb=1
Série,Un bout de ton esprit,Corée , 9.3 ,23923,https://6.vikiplatform.com/image/0de113cd8b3a4763a60cf84f01336fbd.jpg?x=b&a=0x0&s=380x214&q=h&e=t&f=t&cb=1
Série,Le nœud de l'amour : le premier ...,Chine Continentale , 8.9 ,23238,https://6.vikiplatform.com/image/aaa20462fdc445a88cbf4b5bc2267553.jpeg?x=b&a=0x0&s=380x214&q=h&e=t&f=t&cb=1
Série,Welcome to Waikiki S2 (Bienvenue...,Corée , 9.5 ,11392,https://6.vikiplatform.com/image/6bff7c6e1b834d96a6d797c4d34a8012.jpg?x=b&a=0x0&s=380x214&q=h&e=t&f=t&cb=1
Série,La Négociatrice,Chine Continentale , 9.0 ,8750,https://6.vikiplatform.com/image/a794a3dbb8364d5581b354afe11357d2.jpg?x=b&a=0x0&s=380x214&q=h&e=t&f=t&cb=1
Série,Le moment des dix-huit ans,Corée , 9.4 ,16819,https://6.vikiplatform.com/image/99db835928c144c79a09125ab4650eb1.jpg?x=b&a=0x0&s=380x214&q=h&e=t&f=t&cb=1
Série,À cause de notre rencontre,Chine Continentale , 9.4 ,8150,https://6.vikiplatform.com/image/4f40864828c84cb2ae51d7bc3ae49c73.jpeg?x=b&s=380x214&q=h&e=t&f=t&cb=1
Série,A Virgin Woman of Literature,Japon , 7.7 ,15817,https://6.vikiplatform.com/image/2a041dec9fc54c25b441372f29cd8588.jpg?x=b&a=0x0&s=380x214&q=h&e=t&f=t&cb=1
Série,Le chant de la gloire,Chine Continentale , 8.8 ,5912,https://6.vikiplatform.com/image/f9b2082a44194d2282e2d7afeda6ce65.jpg?x=b&a=0x0&s=380x214&q=h&e=t&f=t&cb=1
Série,I Will Never Let You Go,Chine Continentale , 9.1 ,9838,https://6.vikiplatform.com/image/2e0e3d2b97574a41910fededd1fe0b95.jpg?x=b&a=0x0&s=380x214&q=h&e=t&f=t&cb=1
Série,L'impératrice Ki,Corée , 9.4 ,5640,https://6.vikiplatform.com/image/bf576831b0684254bcdb05f498426ed1.jpg?x=b&a=0x0&s=380x214&q=h&e=t&f=t&cb=1
Série,Gaduri Restaurant,Corée , 9.2 ,15918,https://6.vikiplatform.com/image/c68a9eaa871d4ddda7c53945ffe9e77d.jpg?x=b&a=0x0&s=380x214&q=h&e=t&f=t&cb=1
Série,La Mariée du Siècle,Corée , 9.3 ,10275,https://6.vikiplatform.com/image/640c823f47b74204a7b4ec5001b75d97.jpg?x=b&a=0x0&s=380x214&q=h&e=t&f=t&cb=1
Série,You Complete Me (Tu me complètes),Chine Continentale , 8.6 ,2310,https://6.vikiplatform.com/image/757fc850bb0b484596e3680039811244.jpg?x=b&a=0x0&s=380x214&q=h&e=t&f=t&cb=1
Série,Princess At Large,Chine Continentale , 8.5 ,984,https://6.vikiplatform.com/image/fdb3a12b2e404863bac299e833fe071c.jpg?x=b&a=0x0&s=380x214&q=h&e=t&f=t&cb=1
Série,La légende de Xiao Chuo,Chine Continentale , 9.2 ,4111,https://6.vikiplatform.com/image/0ffbb48e1b9a427480281d79993c36f2.jpg?x=b&a=0x0&s=380x214&q=h&e=t&f=t&cb=1
Série,À L'ANTENNE Unique Lady 2,Chine Continentale , 9.1 ,1095,https://6.vikiplatform.com/image/f26ded0e6da443648569dc5e2f40e2b7.jpg?x=b&a=0x0&s=380x214&q=h&e=t&f=t&cb=1
Série,Les Médecins,Corée , 9.4 ,30050,https://6.vikiplatform.com/image/c442c36412384002abea1c22f1805ec8.jpg?x=b&a=0x0&s=380x214&q=h&e=t&f=t&cb=1
Série,Level Up,Corée , 8.8 ,16478,https://6.vikiplatform.com/image/f5d2e0195d3a4148b0d0d78633390406.jpg?x=b&a=0x0&s=380x214&q=h&e=t&f=t&cb=1
Série,L'Amour et le destin,Chine Continentale , 9.5 ,9907,https://6.vikiplatform.com/image/fb63a797218d4c72aeee9353e2e862ce.jpg?x=b&a=0x0&s=380x214&q=h&e=t&f=t&cb=1
Série,Thumping Spike,Corée , 9.3 ,7329,https://6.vikiplatform.com/image/2f04f7823fb24ee8ad64b2c3304749c4.jpg?x=b&a=0x0&s=380x214&q=h&e=t&f=t&cb=1
Série,Clean with Passion for Now,Corée , 9.4 ,54685,https://6.vikiplatform.com/image/44954583ce1a4eac812203832dba126c.jpg?x=b&a=0x0&s=380x214&q=h&e=t&f=t&cb=1
Série,"Docteur Romantique, Professeur Kim",Corée , 9.6 ,14464,https://6.vikiplatform.com/image/770ad874d27b4952bc7ee4677d16bd9d.jpeg?x=b&s=380x214&q=h&e=t&f=t&cb=1
Série,Juste Toi,Taïwan , 9.4 ,8181,https://6.vikiplatform.com/image/977189f19ad44ea685bc619adb434f16.jpeg?x=b&s=380x214&q=h&e=t&f=t&cb=1
Série,Born Again,Corée , 8.8 ,4993,https://6.vikiplatform.com/image/4eb5c5bbe942454c875bd14b264214c6.jpg?x=b&a=0x0&s=380x214&q=h&e=t&f=t&cb=1
Série,Sky Castle,Corée , 9.6 ,9796,https://6.vikiplatform.com/image/36eb44d3ec9747b39ab938a74feafb26.jpg?x=b&a=0x0&s=380x214&q=h&e=t&f=t&cb=1
Série,One Fine Week 2 (Une belle semai...,Corée , 9.2 ,4894,https://6.vikiplatform.com/image/621d376d943c403aac6ed3c5ae1fecb4.jpg?x=b&a=0x0&s=380x214&q=h&e=t&f=t&cb=1
Série,Wish You : Your Melody From My H...,Corée , 9.4 ,30245,https://6.vikiplatform.com/image/c1e69c3df86e4174b28367366cd62d3d.jpg?x=b&a=0x0&s=380x214&q=h&e=t&f=t&cb=1
Série,Beauty Inside,Corée , 9.5 ,31198,https://6.vikiplatform.com/image/cf4b7a398dcc48089329896e7614369e.jpg?x=b&a=0x0&s=380x214&q=h&e=t&f=t&cb=1
Série,Scandale à SungKyunKwan,Corée , 9.4 ,9982,https://6.vikiplatform.com/image/4ccb68ea09e344caa9bc557c2c369eb7.jpeg?x=b&s=380x214&q=h&e=t&f=t&cb=1
Série,Haute société,Corée , 8.9 ,12965,https://6.vikiplatform.com/image/e471aa0a74024196aa32936eaf4cdcef.jpeg?x=b&s=380x214&q=h&e=t&f=t&cb=1
Série,La belle Li Hui Zhen !,Chine Continentale , 9.1 ,11057,https://6.vikiplatform.com/image/724ab267888d4f98935adc757fa44779.jpeg?x=b&s=380x214&q=h&e=t&f=t&cb=1
Série,Melo Holic,Corée , 9.0 ,10914,https://6.vikiplatform.com/image/22ccea142ada4ccb9619135da4a23f41.jpeg?x=b&a=0x0&s=380x214&q=h&e=t&f=t&cb=1
Série,Concerto d'Automne,Taïwan , 9.6 ,11190,https://6.vikiplatform.com/image/02c89930378748f7a0704c772552f427.jpeg?x=b&s=380x214&q=h&e=t&f=t&cb=1
Série,Whirlwind Girl,Chine Continentale , 9.2 ,8192,https://6.vikiplatform.com/image/74598b2a72fd41c48975a2d226531dec.jpeg?x=b&s=380x214&q=h&e=t&f=t&cb=1
Série,Mon M. Sirène,Chine Continentale , 9.5 ,17544,https://1.viki.io/c/33973c/My-Mr-Mermaid_channel-Thumbnail_1560x872.jpg?x=b&s=380x214&q=h&e=t&f=t&cb=1
Série,Bonheur diabolique,Corée , 9.5 ,26695,https://6.vikiplatform.com/image/9fbed463712b44ad9c6855bf2fcc1c52.jpg?x=b&a=0x0&s=380x214&q=h&e=t&f=t&cb=1
Série,Lost Love in Times,Chine Continentale , 9.2 ,3133,https://6.vikiplatform.com/image/f41cebafe84d413f8668d28e94676ffe.jpg?x=b&a=0x0&s=380x214&q=h&e=t&f=t&cb=1
Série,Summer's Desire [Le désir de l'é...,Chine Continentale , 8.5 ,3191,https://6.vikiplatform.com/image/2549c404c2974dfab2a6365d45cc27d6.jpg?x=b&a=0x0&s=380x214&q=h&e=t&f=t&cb=1
Série,Wok d'Amour,Corée , 9.4 ,17081,https://6.vikiplatform.com/image/c9718085f32e4fe6bb62cfd090f9f9cf.jpeg?x=b&a=0x0&s=380x214&q=h&e=t&f=t&cb=1
Série,À L'ANTENNE Beyond Evil,Corée , 9.7 ,244,https://6.vikiplatform.com/image/899dcb355585470bab6146415ccbec19.jpg?x=b&a=0x0&s=380x214&q=h&e=t&f=t&cb=1
Série,Le soleil du maître,Corée , 9.5 ,28142,https://6.vikiplatform.com/image/9e7d8a9d765442f2aa90e443be6af1a8.jpeg?x=b&s=380x214&q=h&e=t&f=t&cb=1
Série,J'ai ramassé une célébrité dans ...,Corée , 9.0 ,24779,https://6.vikiplatform.com/image/53890493b9df49c69d6f7b7dc36b8e38.jpg?x=b&a=0x0&s=380x214&q=h&e=t&f=t&cb=1
Série,Ma princesse,Corée , 9.2 ,5155,https://6.vikiplatform.com/image/087e07b1bb75401e9f07d3c9c7187c8f.jpeg?x=b&s=380x214&q=h&e=t&f=t&cb=1
Série,HIStory 1,Taïwan , 9.4 ,18003,https://6.vikiplatform.com/image/09f9d0dbfd4548f7be9184323bc65d15.jpg?x=b&a=0x0&s=380x214&q=h&e=t&f=t&cb=1
Série,One Fine Week (Une belle semaine),Corée , 9.3 ,9939,https://6.vikiplatform.com/image/c20afc2d6e654df79557889727f04ff8.jpg?x=b&a=0x0&s=380x214&q=h&e=t&f=t&cb=1
Série,Gardien,Chine Continentale , 9.5 ,4736,https://6.vikiplatform.com/image/aea559e55ebd494e8ef8ad681b54ad13.jpg?x=b&a=0x0&s=380x214&q=h&e=t&f=t&cb=1
Série,Réponds-moi 1988,Corée , 9.7 ,12045,https://6.vikiplatform.com/image/d855bf4b664543409545e999eae1afb9.jpeg?x=b&s=380x214&q=h&e=t&f=t&cb=1
Série,Sang,Corée , 9.0 ,28026,https://6.vikiplatform.com/image/ee079815a409452289f31424bb68fd9c.jpeg?x=b&s=380x214&q=h&e=t&f=t&cb=1
Série,L'œil du cyclone,Chine Continentale , 8.7 ,972,https://6.vikiplatform.com/image/a259d8458a114469b0bdff8209a094db.jpg?x=b&a=0x0&s=380x214&q=h&e=t&f=t&cb=1
Série,Tout le monde veut te rencontrer,Chine Continentale , 9.0 ,5611,https://6.vikiplatform.com/image/7e36cd7505ed4801bf2d042a3f4cdc79.jpg?x=b&a=0x0&s=380x214&q=h&e=t&f=t&cb=1
Série,Cheese In The Trap,Corée , 8.7 ,31635,https://6.vikiplatform.com/image/a43e215430904ee8abddb257aff3a92c.jpeg?x=b&s=380x214&q=h&e=t&f=t&cb=1
Série,La naissance d'une beauté,Corée , 9.1 ,9915,https://6.vikiplatform.com/image/82de8f5c1eab45ccafde1909fee4c29b.jpeg?x=b&s=380x214&q=h&e=t&f=t&cb=1
Série,Le Crocodile et le Pluvian,Chine Continentale , 9.1 ,2697,https://6.vikiplatform.com/image/1d0f6c36f4324c8d9bd0c4c271df65e0.jpg?x=b&a=0x0&s=380x214&q=h&e=t&f=t&cb=1
Série,Moonlight Drawn by Clouds,Corée , 9.6 ,21004,https://6.vikiplatform.com/image/e2a199e8ba41492b8453412bb5431a21.jpeg?x=b&s=380x214&q=h&e=t&f=t&cb=1
Série,"Trompe-moi, si tu peux",Corée , 8.9 ,2335,https://6.vikiplatform.com/image/2c65ccb624a6471f8888b49a89a57f7d.jpg?x=b&a=0x0&s=380x214&q=h&e=t&f=t&cb=1
Série,Sm :)e,Chine Continentale , 9.2 ,3447,https://6.vikiplatform.com/image/d90f93ea0d3a45e4ae28efee22bd5233.jpg?x=b&a=0x0&s=380x214&q=h&e=t&f=t&cb=1
Série,Reine : Amour et Guerre,Corée , 9.4 ,13012,https://6.vikiplatform.com/image/c7b0fcd2972b473286989aec2a7789bd.jpg?x=b&a=0x0&s=380x214&q=h&e=t&f=t&cb=1
Série,Année scolaire 2013,Corée , 9.4 ,6906,https://6.vikiplatform.com/image/2e7d210b53434d18a121a154b508d8dc.jpeg?x=b&s=380x214&q=h&e=t&f=t&cb=1
Série,Age of Legends,Chine Continentale , 9.2 ,1485,https://6.vikiplatform.com/image/c1783768a65543ab87d6f3c34fceca49.jpg?x=b&a=0x0&s=380x214&q=h&e=t&f=t&cb=1
Série,Le Jour J,Corée , 9.6 ,12720,https://6.vikiplatform.com/image/51d769f142184b819aa32172e0e19356.jpeg?x=b&s=380x214&q=h&e=t&f=t&cb=1
Série,Because This is My First Life,Corée , 9.5 ,32943,https://1.viki.io/c/35630c/Beacuse-Its-My-First-Life_thumbnail_1560x872.jpg?x=b&s=380x214&q=h&e=t&f=t&cb=1
Série,Heartstrings : Tomber en amour,Corée , 9.4 ,19618,https://6.vikiplatform.com/image/7adacf3bac4d4f1ba2fc95585e646642.jpeg?x=b&s=380x214&q=h&e=t&f=t&cb=1
Série,En espérant t'enlacer ce soir,Japon , 8.3 ,5987,https://6.vikiplatform.com/image/387cff39a78246578de89353df4d002e.jpg?x=b&a=0x0&s=380x214&q=h&e=t&f=t&cb=1
Série,L'éternelle débutante,Taïwan , 9.4 ,14057,https://6.vikiplatform.com/image/5589631311df4bfe88fc91b5a0830d78.jpeg?x=b&s=380x214&q=h&e=t&f=t&cb=1
Série,Iron Man,Corée , 8.7 ,5465,https://6.vikiplatform.com/image/014f2a1e781c441f861b171a97122cf8.jpeg?x=b&s=380x214&q=h&e=t&f=t&cb=1
Série,L'épouse Meng arrive,Chine Continentale , 8.2 ,1724,https://6.vikiplatform.com/image/efa961a345644930b34b0c7e3054efb5.jpg?x=b&a=0x0&s=380x214&q=h&e=t&f=t&cb=1
Série,"Hey Sensei, Don't You Know?",Japon , 8.9 ,24555,https://6.vikiplatform.com/image/b04a0b0fc19640cb8bce217063e172c6.jpg?x=b&a=0x0&s=380x214&q=h&e=t&f=t&cb=1
Série,La Nuit Étoilée de Gogh,Corée , 9.1 ,15459,https://6.vikiplatform.com/image/1801d94efd0340718f118871e72b88cb.jpg?x=b&a=0x0&s=380x214&q=h&e=t&f=t&cb=1
Série,Mon amour venu des étoiles,Corée , 9.5 ,70061,https://6.vikiplatform.com/image/3555c1be8b674894a2fbc24534e789e6.jpeg?x=b&s=380x214&q=h&e=t&f=t&cb=1
Série,Les quatre,Chine Continentale , 9.1 ,1441,https://6.vikiplatform.com/image/d1564ee5fa484feb9fcd60450155c8be.jpeg?x=b&s=380x214&q=h&e=t&f=t&cb=1
Série,Ma Romance Secrète,Corée , 9.3 ,31115,https://6.vikiplatform.com/image/5c2fae2c39ce45dbbc928f89c935d7b2.jpg?x=b&a=0x0&s=380x214&q=h&e=t&f=t&cb=1
Série,Iljimae,Corée , 9.3 ,2045,https://6.vikiplatform.com/image/e7416f3cb0724fdb90be95cb0ecc4842.jpeg?x=b&s=380x214&q=h&e=t&f=t&cb=1
Série,Must You Go? (Dois-tu y aller ?),Corée , 8.8 ,2658,https://6.vikiplatform.com/image/e3b475de87fe41a39e770fbb1fbbc663.jpg?x=b&a=0x0&s=380x214&q=h&e=t&f=t&cb=1
Série,Takane et Hana,Japon , 8.6 ,17752,https://6.vikiplatform.com/image/35c31749dc3d4336bee6257e82ae7bda.jpg?x=b&a=0x0&s=380x214&q=h&e=t&f=t&cb=1
Série,Quand nous étions jeunes,Chine Continentale , 9.3 ,8853,https://6.vikiplatform.com/image/5e26e7a700f34aabb34d7f119f4fa9e0.jpg?x=b&a=0x0&s=380x214&q=h&e=t&f=t&cb=1
Série,Ciboulette et soupe de soja,Corée , 8.7 ,4756,https://6.vikiplatform.com/image/ed954bc903f94bdaa3d4cdfda5543371.jpeg?x=b&s=380x214&q=h&e=t&f=t&cb=1
Série,Capture Lover (Conquérir l'amant),Chine Continentale , 8.3 ,6057,https://6.vikiplatform.com/image/7ed870f3ea0c4828828bdb8a9cb6d24c.jpg?x=b&a=0x0&s=380x214&q=h&e=t&f=t&cb=1
Série,One Page Love,Japon , 8.6 ,56,https://6.vikiplatform.com/image/137da214627b4cdb8043209e6f77e3e8.jpg?x=b&a=0x0&s=380x214&q=h&e=t&f=t&cb=1
Série,Le Coup de Foudre,Chine Continentale , 9.5 ,10172,https://6.vikiplatform.com/image/b6dd93ef2c364e64a3ea5013370711fb.jpg?x=b&a=0x0&s=380x214&q=h&e=t&f=t&cb=1
Série,Mood Indigo,Japon , 9 ,7002,https://6.vikiplatform.com/image/2ed684b1e49b46979da8fd56bbec9970.jpg?x=b&a=0x0&s=380x214&q=h&e=t&f=t&cb=1
Série,Untouchable Lovers,Chine Continentale , 8.8 ,5247,https://6.vikiplatform.com/image/8fdb06bb343d4e5bbdad228994647e19.jpeg?x=b&a=0x0&s=380x214&q=h&e=t&f=t&cb=1
Série,Joie de la vie,Chine Continentale , 9.5 ,4236,https://6.vikiplatform.com/image/09da8038f7bc4fa1b5d66a9d379fde07.jpg?x=b&a=0x0&s=380x214&q=h&e=t&f=t&cb=1
Série,Doctor John,Corée , 9.5 ,20221,https://6.vikiplatform.com/image/0d6dfd9e60bf44b4bc8eabd86c2d4e4a.jpg?x=b&a=0x0&s=380x214&q=h&e=t&f=t&cb=1
Série,Thumping Spike 2,Corée , 9.3 ,9652,https://6.vikiplatform.com/image/67411cdf1973427dae9fc6c7700412cd.jpg?x=b&a=0x0&s=380x214&q=h&e=t&f=t&cb=1
Série,Demandez-nous n'importe quoi,Corée , 9.1 ,1013,https://6.vikiplatform.com/image/6499c5fb0cae469dae407693b915f086.jpg?x=b&a=0x0&s=380x214&q=h&e=t&f=t&cb=1
Série,L'époque où je t'aimais,Corée , 9.1 ,7850,https://6.vikiplatform.com/image/0c648c6ac0d94ffbb659f475b8fc673a.jpeg?x=b&s=380x214&q=h&e=t&f=t&cb=1
Série,Le menteur et sa maîtresse,Corée , 9.3 ,8828,https://6.vikiplatform.com/image/0cc0cfb25ba543de82ebb6791ccb7f7d.jpg?x=b&a=0x0&s=380x214&q=h&e=t&f=t&cb=1
Série,Le beau garçon d'à coté,Corée , 9.0 ,12337,https://6.vikiplatform.com/image/b5497142fff341b2aece6f7fdd8649e4.jpeg?x=b&s=380x214&q=h&e=t&f=t&cb=1
Série,Mr. Fox and Miss Rose,Chine Continentale , 9.3 ,5494,https://6.vikiplatform.com/image/a423676395f644f0b76c6643caca6a9e.jpg?x=b&a=0x0&s=380x214&q=h&e=t&f=t&cb=1
Série,Le Guerrier Baek Dong Soo,Corée , 9.2 ,2642,https://6.vikiplatform.com/image/5e75ca186b6a48a4b047a13e2e51a989.jpeg?x=b&s=380x214&q=h&e=t&f=t&cb=1
Série,Orange Marmelade,Corée , 8.8 ,11249,https://6.vikiplatform.com/image/1541cdc263314dfcb865ae0efa4f369f.jpeg?x=b&s=380x214&q=h&e=t&f=t&cb=1
Série,Si Paris est abattu,Chine Continentale , 8.8 ,9590,https://6.vikiplatform.com/image/217a1feeb08e44f2a68a25aaf086baab.jpg?x=b&a=0x0&s=380x214&q=h&e=t&f=t&cb=1
Série,Train,Corée , 9.3 ,8920,https://6.vikiplatform.com/image/a6b3f0be28f24900b5b1936aed8f6e30.jpg?x=b&a=0x0&s=380x214&q=h&e=t&f=t&cb=1
Série,Where Your Eyes Linger,Corée , 9.6 ,26191,https://6.vikiplatform.com/image/337d0e9b3f424db684d700c2b2e135c1.jpg?x=b&a=0x0&s=380x214&q=h&e=t&f=t&cb=1
Série,La destinée du serpent blanc,Chine Continentale , 9.0 ,2280,https://6.vikiplatform.com/image/1575dbe09943423697c3876615291d37.jpg?x=b&a=0x0&s=380x214&q=h&e=t&f=t&cb=1
Série,Amour de sorcière,Corée , 9.3 ,31035,https://6.vikiplatform.com/image/bdc62f99fc654f1eb9d9ef7332c277cf.jpg?x=b&a=0x0&s=380x214&q=h&e=t&f=t&cb=1
Série,Idylle radio,Corée , 9.2 ,11586,https://6.vikiplatform.com/image/f72fa23ec6204513923816ed97ec9f75.jpeg?x=b&a=0x0&s=380x214&q=h&e=t&f=t&cb=1
Série,Un homme meilleur,Taïwan , 9.3 ,4129,https://6.vikiplatform.com/image/94a1779f48ee4fc4bca1fbb73408dcf3.jpeg?x=b&s=380x214&q=h&e=t&f=t&cb=1
Série,Qu'arrive-t-il à ma famille ?,Corée , 9.6 ,3276,https://6.vikiplatform.com/image/6d082ea0e1994fceb7a7ec0bd3b52d17.jpeg?x=b&s=380x214&q=h&e=t&f=t&cb=1
Série,Masque,Corée , 9.2 ,6657,https://6.vikiplatform.com/image/87a6f97062ca4694a0ac5f6e4ed78faf.jpeg?x=b&s=380x214&q=h&e=t&f=t&cb=1
Série,Bel homme,Chine Continentale , 7.8 ,5224,https://6.vikiplatform.com/image/e380ab31fdcd45359e480c293a0c7575.jpeg?x=b&a=0x0&s=380x214&q=h&e=t&f=t&cb=1
Série,About Time,Corée , 9.2 ,20642,https://6.vikiplatform.com/image/565e8e084fb641a3b92201e31a3da25f.jpeg?x=b&a=0x0&s=380x214&q=h&e=t&f=t&cb=1
Série,Mon colocataire est un détective,Chine Continentale , 9.5 ,5349,https://6.vikiplatform.com/image/8855a34fc4714b4394584016884352e3.jpg?x=b&a=0x0&s=380x214&q=h&e=t&f=t&cb=1
Série,Princess Jellyfish,Japon , 8.9 ,1624,https://6.vikiplatform.com/image/55bdae1902a44ab299f96d78a41812ba.jpg?x=b&a=0x0&s=380x214&q=h&e=t&f=t&cb=1
Série,Ma petite princesse,Chine Continentale , 9.3 ,17995,https://6.vikiplatform.com/image/31c0cfa3d9e54402bbf838cab13d8a2a.jpeg?x=b&a=0x0&s=380x214&q=h&e=t&f=t&cb=1
Série,"Cet hiver, le vent souffle.",Corée , 9.2 ,7627,https://6.vikiplatform.com/image/7a007b4ae50c4015a01dcc4756b2c25e.jpeg?x=b&s=380x214&q=h&e=t&f=t&cb=1
Série,Kimi Wa Petto,Japon , 9.2 ,11371,https://6.vikiplatform.com/image/08fc284315fc4a708c6e4565d112ef26.jpeg?x=b&a=0x0&s=380x214&q=h&e=t&f=t&cb=1
Série,Destins et colères,Corée , 9.0 ,8112,https://6.vikiplatform.com/image/4d3479db71514f8b803fd0e661d18872.jpg?x=b&a=0x0&s=380x214&q=h&e=t&f=t&cb=1
Série,Un amour de pluie,Corée , 9.4 ,20677,https://6.vikiplatform.com/image/8a22714f853943f1920f22bfe105b2e0.jpeg?x=b&s=380x214&q=h&e=t&f=t&cb=1
Série,La promesse de Chang'an,Chine Continentale , 8.1 ,1299,https://6.vikiplatform.com/image/a682e74cfb364a008a9b0a92677ed59a.jpg?x=b&a=0x0&s=380x214&q=h&e=t&f=t&cb=1
Série,The Flame’s Daughter,Chine Continentale , 9.2 ,8771,https://6.vikiplatform.com/image/961225600f5d4ab6ab91de518a8d3953.jpeg?x=b&a=0x0&s=380x214&q=h&e=t&f=t&cb=1
Série,La légende de l'éveil,Chine Continentale , 8.8 ,4188,https://6.vikiplatform.com/image/a4df0243ac5d4ee4ae7ddaeff204946b.jpg?x=b&a=0x0&s=380x214&q=h&e=t&f=t&cb=1
Série,À L'ANTENNE L'amour est une science ?,Taïwan , 8.8 ,81,https://6.vikiplatform.com/image/dafadc64846449538fa1c3d0a6ab0eaa.jpg?x=b&a=0x0&s=380x214&q=h&e=t&f=t&cb=1
Série,Le jardin secret,Corée , 9.4 ,28090,https://6.vikiplatform.com/image/f433d280e0d1412abed05b9dc9ebcaa2.jpeg?x=b&s=380x214&q=h&e=t&f=t&cb=1
Série,Le roi aime,Corée , 8.8 ,7938,https://6.vikiplatform.com/image/9692104183cb462fbb339d8577447881.jpeg?x=b&s=380x214&q=h&e=t&f=t&cb=1
Série,L'amour royal de Ruyi au palais,Chine Continentale , 9.3 ,3795,https://6.vikiplatform.com/image/c81fb07513894eef9e8e500c8393b4f0.jpg?x=b&a=0x0&s=380x214&q=h&e=t&f=t&cb=1
Série,Épris de toi,Chine Continentale , 9.4 ,10193,https://6.vikiplatform.com/image/c5300216fd76408ba4be7c014f43e8c3.jpg?x=b&a=0x0&s=380x214&q=h&e=t&f=t&cb=1
Série,Tu me manques,Corée , 9.2 ,10403,https://6.vikiplatform.com/image/4551c3b1fdf446369b778bf36b101e4f.jpeg?x=b&s=380x214&q=h&e=t&f=t&cb=1
Série,Un couple parfait,Chine Continentale , 8.8 ,2508,https://6.vikiplatform.com/image/f31b622abe7344ec849b03bc515a36ec.jpeg?x=b&s=380x214&q=h&e=t&f=t&cb=1
Série,Life~Love on the Line (La vie et...,Japon , 9.5 ,32319,https://6.vikiplatform.com/image/42a11fd2c89c4575bba18ea00a752bcc.jpg?x=b&a=0x0&s=380x214&q=h&e=t&f=t&cb=1
Série,Snow Tower,Chine Continentale , 9.1 ,4023,https://6.vikiplatform.com/image/ad5b787c772f477c837ef8da2c87687f.jpg?x=b&a=0x0&s=380x214&q=h&e=t&f=t&cb=1
Série,Radieuse,Corée , 9.2 ,11699,https://6.vikiplatform.com/image/dd1f11e5b7624f4fb32ff38235714f4b.jpg?x=b&a=0x0&s=380x214&q=h&e=t&f=t&cb=1
Série,Le Miroir de la sorcière,Corée , 9.1 ,9344,https://6.vikiplatform.com/image/7aa9a3c4c5584c40b32a79ce0d625420.png?x=b&s=380x214&q=h&e=t&f=t&cb=1
Série,Journal d'un psychopathe,Corée , 9.5 ,11258,https://6.vikiplatform.com/image/237eeb049d94434f8321451ff47c72d3.jpg?x=b&a=0x0&s=380x214&q=h&e=t&f=t&cb=1
Série,Invisible Life,Chine Continentale , 8.6 ,1801,https://6.vikiplatform.com/image/531069534e2041259171ef5aabd55bf1.jpg?x=b&a=0x0&s=380x214&q=h&e=t&f=t&cb=1
Série,The Goddess of Revenge,Corée , 9.2 ,4222,https://6.vikiplatform.com/image/a71b394fee464ec19f14d33122e30a19.jpg?x=b&a=0x0&s=380x214&q=h&e=t&f=t&cb=1
Série,La légende de Qin,Chine Continentale , 8.4 ,818,https://6.vikiplatform.com/image/c87acdd93d674f9ab21e29ffd266b2fe.jpeg?x=b&s=380x214&q=h&e=t&f=t&cb=1
Série,"L'amour, maintenant",Taïwan , 9.3 ,3795,https://6.vikiplatform.com/image/07141efca78a4fe2be90bca660384cf5.jpeg?x=b&a=0x0&s=380x214&q=h&e=t&f=t&cb=1
Série,La Légende du phénix,Chine Continentale , 9.1 ,3282,https://6.vikiplatform.com/image/f9aed911a99641388a9c70d94676f384.jpg?x=b&a=0x0&s=380x214&q=h&e=t&f=t&cb=1
Série,Easy Fortune Happy Life,Taïwan , 8.9 ,2036,https://6.vikiplatform.com/image/d4ced28b43464956a76c931a1dfbeb47.jpeg?x=b&s=380x214&q=h&e=t&f=t&cb=1
Série,The Lost Tomb 2,Chine Continentale , 9.2 ,2173,https://6.vikiplatform.com/image/6174909f219f404687a9c89bc0868241.jpg?x=b&a=0x0&s=380x214&q=h&e=t&f=t&cb=1
Série,With You,Chine Continentale , 8.8 ,6102,https://6.vikiplatform.com/image/00186399831946a3969045e052691d49.jpg?x=b&a=0x0&s=380x214&q=h&e=t&f=t&cb=1
Série,Hello Again !,Taïwan , 9.3 ,9556,https://6.vikiplatform.com/image/89ae6cc6f80246168657f2a609fa77d1.jpg?x=b&a=0x0&s=380x214&q=h&e=t&f=t&cb=1
Série,Replay,Corée , 9.1 ,2436,https://6.vikiplatform.com/image/01fc7799da714d28a1fdc1fd35949bb6.jpg?x=b&a=0x0&s=380x214&q=h&e=t&f=t&cb=1
Série,Les Princes du Café,Corée , 9.5 ,16395,https://6.vikiplatform.com/image/ac137e87c97e47b386b2fb8f1ec69082.jpeg?x=b&s=380x214&q=h&e=t&f=t&cb=1
Série,Lorsque mon amour s'épanouit,Corée , 9.4 ,15335,https://6.vikiplatform.com/image/26e8c74e7a074ef882574c4172819479.jpg?x=b&a=0x0&s=380x214&q=h&e=t&f=t&cb=1
Série,I Wanna Hear Your Song (Je veux ...,Corée , 9.2 ,4636,https://6.vikiplatform.com/image/8739d1f0a488489dbff7d3cd8b61d73d.jpg?x=b&a=0x0&s=380x214&q=h&e=t&f=t&cb=1
Série,Perfect Partner,Chine Continentale , 9.0 ,1343,https://6.vikiplatform.com/image/292fe870d1b6444c88fb2066f7e30baf.jpg?x=b&a=0x0&s=380x214&q=h&e=t&f=t&cb=1
Série,Yong Pal,Corée , 9.2 ,4933,https://6.vikiplatform.com/image/a5f8bb78d85a4150b6869c1556d72b95.jpg?x=b&a=0x0&s=380x214&q=h&e=t&f=t&cb=1
Série,"Noble, mon amour",Corée , 9.0 ,23505,https://6.vikiplatform.com/image/c85b8926cafb43baa0c8fa4e78cd7436.jpg?x=b&a=0x0&s=380x214&q=h&e=t&f=t&cb=1
Série,Falling into You,Taïwan , 9.3 ,4911,https://6.vikiplatform.com/image/e994fbebeae744228cdfd0f44795d367.jpg?x=b&a=0x0&s=380x214&q=h&e=t&f=t&cb=1
Série,Sand Sea,Chine Continentale , 9.2 ,650,https://6.vikiplatform.com/image/2b13ce1cf5c843518488547cb95bf331.jpg?x=b&a=0x0&s=380x214&q=h&e=t&f=t&cb=1
Série,Romance chanceuse,Corée , 9.3 ,16967,https://6.vikiplatform.com/image/b7e0ecc1bd8241da95a9b22dd53cbc43.jpeg?x=b&s=380x214&q=h&e=t&f=t&cb=1
Série,Yuri or Another,Japon , 7.6 ,4577,https://6.vikiplatform.com/image/f4e372ea6c974aba89ce633641ef00ae.jpg?x=b&a=0x0&s=380x214&q=h&e=t&f=t&cb=1
Série,Beautiful Mind,Corée , 9.5 ,10501,https://6.vikiplatform.com/image/680619fe6c8247bf859a443f6ba3f40c.png?x=b&s=380x214&q=h&e=t&f=t&cb=1
Série,Mens-moi,Corée , 9.2 ,13711,https://6.vikiplatform.com/image/4037ff8167ff4721918f8df3faf429cd.jpeg?x=b&s=380x214&q=h&e=t&f=t&cb=1
Série,Une odyssée orientale,Chine Continentale , 9.0 ,5111,https://6.vikiplatform.com/image/f48835ef0f48469387334a15fea6ac84.jpg?x=b&a=0x0&s=380x214&q=h&e=t&f=t&cb=1
Série,Scarlet Heart,Chine Continentale , 9.2 ,4248,https://6.vikiplatform.com/image/e39570e6953c43c9835b72acaf566069.jpeg?x=b&s=380x214&q=h&e=t&f=t&cb=1
Série,Mr. Temporary,Corée , 9.6 ,5887,https://6.vikiplatform.com/image/4914f2001c8e4ee2ae617c6a56f2f12f.jpg?x=b&a=0x0&s=380x214&q=h&e=t&f=t&cb=1
Série,Single & Ready to Mingle (Céliba...,Corée , 9.2 ,10209,https://6.vikiplatform.com/image/64d09cf7cc46445d8d823a2cd8de04ed.jpg?x=b&a=0x0&s=380x214&q=h&e=t&f=t&cb=1
Série,L'équipe des fleurs : Agence de ...,Corée , 9.2 ,8788,https://6.vikiplatform.com/image/2e9a84ae62314fc78796de272d3fa2cb.jpg?x=b&a=0x0&s=380x214&q=h&e=t&f=t&cb=1
Série,Yeux d'ange,Corée , 9.1 ,6623,https://6.vikiplatform.com/image/93d1fc90034248ea80d9837b64acdef4.jpeg?x=b&s=380x214&q=h&e=t&f=t&cb=1
Série,Rêve de retour à la dynastie Qing,Chine Continentale , 9.4 ,4686,https://6.vikiplatform.com/image/3da4b0acd0dc4273918c596b07f97d2b.jpg?x=b&a=0x0&s=380x214&q=h&e=t&f=t&cb=1
Série,The Crowned Clown,Corée , 9.6 ,10139,https://6.vikiplatform.com/image/6d17ba5af4954ddc92b0386777da470a.jpg?x=b&a=0x0&s=380x214&q=h&e=t&f=t&cb=1
Série,Le professeur du Cauchemar,Corée , 9.2 ,7662,https://6.vikiplatform.com/image/b18d7922560f4196b34754545360fe46.jpeg?x=b&s=380x214&q=h&e=t&f=t&cb=1
Série,La Porte Secrète,Corée , 8.6 ,774,https://6.vikiplatform.com/image/0c821ed2393b471b920c29cbaf60c431.jpeg?x=b&s=380x214&q=h&e=t&f=t&cb=1
Série,Parfait Tic !,Japon , 8.0 ,6927,https://6.vikiplatform.com/image/0d204f477cf649aea4044bbf8a55a947.jpg?x=b&a=0x0&s=380x214&q=h&e=t&f=t&cb=1
Série,À L'ANTENNE Sell Your Haunted House,Corée , 9.7 ,104,https://6.vikiplatform.com/image/a4d612c1d37e440596994453740dd67d.jpg?x=b&a=0x0&s=380x214&q=h&e=t&f=t&cb=1
Série,Amante,Corée , 9.5 ,706,https://6.vikiplatform.com/image/a86b9a4fcf8444fe8fd8142249d30779.jpeg?x=b&a=0x0&s=380x214&q=h&e=t&f=t&cb=1
Série,La dynastie Ming,Chine Continentale , 8.7 ,1414,https://6.vikiplatform.com/image/1d41a76bcf7a408bb6014d3cd0bed3b8.jpg?x=b&a=0x0&s=380x214&q=h&e=t&f=t&cb=1
Série,To Love (Aimer),Chine Continentale , 9.1 ,1568,
Série,"Au revoir, Monsieur Black",Corée , 9.4 ,4006,https://6.vikiplatform.com/image/9485df11cf094a8fb05efef85d2c5405.jpeg?x=b&s=380x214&q=h&e=t&f=t&cb=1
Série,God of Lost Fantasy,Chine Continentale , 8.4 ,481,https://6.vikiplatform.com/image/261c2761047040158041ff9eab7aa879.jpg?x=b&a=0x0&s=380x214&q=h&e=t&f=t&cb=1
Série,True Love / Inborn Pair,Taïwan , 9.2 ,2860,https://6.vikiplatform.com/image/64557d5ceb5e442d9cc9a2183f2ed264.jpeg?x=b&s=380x214&q=h&e=t&f=t&cb=1
Série,À L'ANTENNE Phoenix 2020,Corée , 8.3 ,823,https://6.vikiplatform.com/image/41931fa8e16c4222a39772a9296c1ce9.jpg?x=b&a=0x0&s=380x214&q=h&e=t&f=t&cb=1
Série,Voué à t'aimer,Taïwan , 9.1 ,7150,https://6.vikiplatform.com/image/7e7a770fdb06495d98aef8c4f39ac17b.jpeg?x=b&s=380x214&q=h&e=t&f=t&cb=1
Série,Votre secret,Chine Continentale , 8.4 ,844,https://6.vikiplatform.com/image/5698c856f4444b659f36a63be1ce79c3.jpg?x=b&a=0x0&s=380x214&q=h&e=t&f=t&cb=1
Série,Tout Par Amour,Chine Continentale , 8.5 ,5182,https://6.vikiplatform.com/image/9a427feea4114ebc8962af7a33c3f800.png?x=b&a=0x0&s=380x214&q=h&e=t&f=t&cb=1
Série,La légende de Lu Zhen,Chine Continentale , 9.1 ,2573,https://6.vikiplatform.com/image/d0c7c68889e34f6ea5704f7a98d45e39.jpeg?x=b&s=380x214&q=h&e=t&f=t&cb=1
Série,L'amour d'une vie,Chine Continentale , 9.0 ,2012,https://6.vikiplatform.com/image/61c7d949b9574bc996a610788e6ff3e7.jpg?x=b&a=0x0&s=380x214&q=h&e=t&f=t&cb=1
Série,La légende de Chusen,Chine Continentale , 9.1 ,3756,https://6.vikiplatform.com/image/2d48a93d36a34fdea382a328b0e4fb3c.jpeg?x=b&s=380x214&q=h&e=t&f=t&cb=1
Série,La fille qui voyait les odeurs,Corée , 9.3 ,15940,https://6.vikiplatform.com/image/6d23e915d9e14cc9996948a9b353121e.jpeg?x=b&s=380x214&q=h&e=t&f=t&cb=1
Série,Adieu ma princesse,Chine Continentale , 9.1 ,6753,https://6.vikiplatform.com/image/6dd50a36dd84441187edf862ce461d38.jpg?x=b&a=0x0&s=380x214&q=h&e=t&f=t&cb=1
Série,To All The Guys Who Loved Me,Corée , 8.8 ,7366,https://6.vikiplatform.com/image/9079ed44a1b046c0be95550f72a87da3.jpg?x=b&a=0x0&s=380x214&q=h&e=t&f=t&cb=1
Série,The Legend of Dugu,Chine Continentale , 9.0 ,1940,https://6.vikiplatform.com/image/34d2c8dc35824145be3be5bef3737d81.jpg?x=b&a=0x0&s=380x214&q=h&e=t&f=t&cb=1
Série,Renaissance,Chine Continentale , 9.0 ,4842,https://6.vikiplatform.com/image/ef21cc4a4e7240ffbbb90d4e80fd50b5.jpg?x=b&a=0x0&s=380x214&q=h&e=t&f=t&cb=1
Série,Oh My Ghostess,Corée , 9.5 ,21417,https://6.vikiplatform.com/image/142c7009e043428e900a038649a8f0b4.jpeg?x=b&s=380x214&q=h&e=t&f=t&cb=1
Série,Succomber à l'innocence (alias B...,Corée , 9.4 ,8835,https://6.vikiplatform.com/image/a485ced036204bc7a2d6e778776cf638.jpeg?x=b&s=380x214&q=h&e=t&f=t&cb=1
Série,L'amour et la loi de Murphy,Taïwan , 9.2 ,8483,https://6.vikiplatform.com/image/651c7d70033e4ae5b35e73fc4c565d32.jpeg?x=b&s=380x214&q=h&e=t&f=t&cb=1
Série,Irreplaceable Love,Chine Continentale , 8.1 ,734,https://6.vikiplatform.com/image/0f4e122565a9421b82a517701ab88950.jpg?x=b&a=0x0&s=380x214&q=h&e=t&f=t&cb=1
Série,My Secret Star,Corée , 8.4 ,8678,https://6.vikiplatform.com/image/b13fb6a20bf7462980d4cbffbccaa0f4.jpg?x=b&a=0x0&s=380x214&q=h&e=t&f=t&cb=1
Série,Le visage du roi,Corée , 8.9 ,1340,https://6.vikiplatform.com/image/52ce3448a7254484b3dfa9b1650411e8.jpeg?x=b&s=380x214&q=h&e=t&f=t&cb=1
Série,100 jours mon prince,Corée , 9.5 ,19647,https://6.vikiplatform.com/image/c74a82c3d34d40399cb50b93c169f2cb.jpg?x=b&a=0x0&s=380x214&q=h&e=t&f=t&cb=1
Série,Watcher,Corée , 9.5 ,7255,https://6.vikiplatform.com/image/5eca4d5ad8ed402986a2fcb65926ef65.jpg?x=b&a=0x0&s=380x214&q=h&e=t&f=t&cb=1
Série,My Secret Hotel,Corée , 8.8 ,3865,https://6.vikiplatform.com/image/84f72a16e2f14969b8f059fd8711bb54.jpeg?x=b&s=380x214&q=h&e=t&f=t&cb=1
Série,Times,Corée , 9.1 ,662,https://6.vikiplatform.com/image/280e26108f074d4cb139ad0512bfdb6d.jpg?x=b&a=0x0&s=380x214&q=h&e=t&f=t&cb=1
Série,Destiny’s Love,Chine Continentale , 8.8 ,4195,https://6.vikiplatform.com/image/cd1244607ffd4a178f99fb3f2cf93678.jpg?x=b&a=0x0&s=380x214&q=h&e=t&f=t&cb=1
Série,Je ne peux pas te serrer dans me...,Chine Continentale , 9.1 ,12646,https://6.vikiplatform.com/image/df42b882e2b142b3a5d15682caeedea5.jpeg?x=b&a=0x0&s=380x214&q=h&e=t&f=t&cb=1
Série,J'entends ta voix,Corée , 9.4 ,22241,https://6.vikiplatform.com/image/9ffb5a145a244999b478b8e1e99dc5bc.jpeg?x=b&s=380x214&q=h&e=t&f=t&cb=1
Série,Six dragons volants,Corée , 9.6 ,2360,https://6.vikiplatform.com/image/9b055866a8ab40d5aad529619edde82e.jpeg?x=b&s=380x214&q=h&e=t&f=t&cb=1
Série,Begonia Rouge,Chine Continentale , 9.0 ,2804,https://6.vikiplatform.com/image/4904ea7ca8fe4d52b9c3e67ec875b70e.jpg?x=b&a=0x0&s=380x214&q=h&e=t&f=t&cb=1
Série,Accusé,Corée , 9.7 ,4685,https://6.vikiplatform.com/image/55f903c6cf874666932f0f8bee33b8a3.jpeg?x=b&s=380x214&q=h&e=t&f=t&cb=1
Série,Souviens-toi,Corée , 9.4 ,9689,https://6.vikiplatform.com/image/82d72658d1a148c8896c3c6e504f4049.jpeg?x=b&s=380x214&q=h&e=t&f=t&cb=1
Série,Dites-moi ce que vous avez vu,Corée , 9.4 ,7108,https://6.vikiplatform.com/image/dac890f40ef64ae0a456466e80782bfa.jpg?x=b&a=0x0&s=380x214&q=h&e=t&f=t&cb=1
Série,"Love Is All (L'amour, c'est tout)",Chine Continentale , 9.2 ,4692,https://6.vikiplatform.com/image/96369a2dccf045de81d9b0977a5d95ae.jpg?x=b&a=0x0&s=380x214&q=h&e=t&f=t&cb=1
Série,Le Prince Loup,Taïwan , 9.5 ,10353,https://6.vikiplatform.com/image/5435b43ddfc24a44b18c78b9e44eced1.jpeg?x=b&s=380x214&q=h&e=t&f=t&cb=1
Série,Le romantisme d'une symphonie,Chine Continentale , 9.3 ,2614,https://6.vikiplatform.com/image/46b355fc1f054d908ddeb56605cfcd08.jpg?x=b&a=0x0&s=380x214&q=h&e=t&f=t&cb=1
Série,Memory Love,Taïwan , 8.9 ,4369,https://1.viki.io/c/35560c/Memory-Love_Thumbnail_1560x872.jpg?x=b&s=380x214&q=h&e=t&f=t&cb=1
Série,I Bought My Boyfriend on a Loan,Japon , 6.0 ,3392,https://6.vikiplatform.com/image/3aa0af3c3d51473ca2a873f953d82ddb.jpg?x=b&a=0x0&s=380x214&q=h&e=t&f=t&cb=1
Série,La légende de Hao Lan,Chine Continentale , 8.6 ,3340,https://6.vikiplatform.com/image/63a23dc9de644e269231dcb7e9ba7b7e.jpg?x=b&a=0x0&s=380x214&q=h&e=t&f=t&cb=1
Série,Le parjure de Salomon,Corée , 9.5 ,3188,https://6.vikiplatform.com/image/0b17d9c2fab6406a8fc27ed322e858e0.jpeg?x=b&s=380x214&q=h&e=t&f=t&cb=1
Série,Bloody Romance,Chine Continentale , 8.8 ,5200,https://6.vikiplatform.com/image/5d18019897ef48f7b0db8ffc1a8c712f.jpg?x=b&a=0x0&s=380x214&q=h&e=t&f=t&cb=1
Série,Standing in the Time,Chine Continentale , 8.5 ,1838,https://6.vikiplatform.com/image/7c48b1cc3cac4fb185ad2f90f600bd90.jpg?x=b&a=0x0&s=380x214&q=h&e=t&f=t&cb=1
Série,See You Again,Chine Continentale , 9.2 ,2965,https://6.vikiplatform.com/image/da6f73c72c7f4d56bcd9a2ca158ff03e.jpg?x=b&a=0x0&s=380x214&q=h&e=t&f=t&cb=1
Série,Liaison Secrète,Corée , 8.9 ,4570,https://6.vikiplatform.com/image/82cb43ce4e2a4945964e0606f08f0253.jpeg?x=b&s=380x214&q=h&e=t&f=t&cb=1
Série,Nirvana en feu,Chine Continentale , 9.6 ,4613,https://6.vikiplatform.com/image/4ab3eff0238446b683dfb6cf66d474b3.jpg?x=b&a=0x0&s=380x214&q=h&e=t&f=t&cb=1
Série,Su Yu,Chine Continentale , 8.9 ,4015,https://6.vikiplatform.com/image/accae10eebf84f2ea05d69b03c532faa.jpg?x=b&a=0x0&s=380x214&q=h&e=t&f=t&cb=1
Série,Protéger le patron,Corée , 9.2 ,5480,https://6.vikiplatform.com/image/c74ab600b7ab4c4689dfd2e456512cd2.jpeg?x=b&s=380x214&q=h&e=t&f=t&cb=1
Série,M. Queen : Le secret,Corée , 9.6 ,15640,https://6.vikiplatform.com/image/2a0b2e04e3dd4c2f8975c5bc90971a79.jpg?x=b&a=0x0&s=380x214&q=h&e=t&f=t&cb=1
Série,Beautiful Reborn Flower,Chine Continentale , 7.7 ,3644,https://6.vikiplatform.com/image/28aede5430e0403a881a58bdc03455a9.jpg?x=b&a=0x0&s=380x214&q=h&e=t&f=t&cb=1
Série,Chirurgiens,Chine Continentale , 9.1 ,765,https://6.vikiplatform.com/image/e420c1ed7ac0490d9d31a0dc3f3c0196.jpeg?x=b&s=380x214&q=h&e=t&f=t&cb=1
Série,Good Casting (Bonne distribution),Corée , 9.3 ,4692,https://6.vikiplatform.com/image/c1932d9fe6664b98b84d43f43474a118.jpg?x=b&a=0x0&s=380x214&q=h&e=t&f=t&cb=1
Série,"Mercredi, 15 h 30",Corée , 9.4 ,21926,https://6.vikiplatform.com/image/629df213fca44534ad48be7db24bed96.jpeg?x=b&s=380x214&q=h&e=t&f=t&cb=1
Série,Elle est si adorable,Corée , 8.6 ,7911,https://6.vikiplatform.com/image/65453a883f3248548b55486184a984ac.jpeg?x=b&s=380x214&q=h&e=t&f=t&cb=1
Série,Craving You,Taïwan , 8.9 ,2705,https://6.vikiplatform.com/image/20ea322256be471580e8595ff52c277b.jpg?x=b&a=0x0&s=380x214&q=h&e=t&f=t&cb=1
Série,My Little Lover - Minami Kun No ...,Japon , 9.3 ,6612,https://6.vikiplatform.com/image/27ad89dd2a6044d9974f0fe6768b275f.jpeg?x=b&s=380x214&q=h&e=t&f=t&cb=1
Série,Monsieur le Juge,Corée , 9.4 ,5981,https://6.vikiplatform.com/image/bd9cd16e3eb448d1a2a791892398a804.jpg?x=b&a=0x0&s=380x214&q=h&e=t&f=t&cb=1
Série,Le bon docteur,Corée , 9.6 ,6555,https://6.vikiplatform.com/image/05f972ced9f6469b9b2bab053593d87d.jpeg?x=b&s=380x214&q=h&e=t&f=t&cb=1
Série,In Time With You (JP),Japon , 9.2 ,6345,https://6.vikiplatform.com/image/46ac4b0219894100898b6d9a383f6132.jpg?x=b&a=0x0&s=380x214&q=h&e=t&f=t&cb=1
Série,Cinderella's Sister (La sœur de ...,Corée , 8.8 ,3784,https://6.vikiplatform.com/image/cdaf372c8c994c9b98e0ca51e4e459df.jpg?x=b&a=0x0&s=380x214&q=h&e=t&f=t&cb=1
Série,Tombe amoureux de moi,Taïwan , 9.0 ,6336,https://6.vikiplatform.com/image/36ecec42aa8048419d29ed1def5c2c3d.jpeg?x=b&s=380x214&q=h&e=t&f=t&cb=1
Série,Tout sur ma mère,Corée , 9.5 ,2280,https://6.vikiplatform.com/image/5831efd8204e43f3b1b02fcb824917d8.jpeg?x=b&s=380x214&q=h&e=t&f=t&cb=1
Série,Return the World to You,Chine Continentale , 8.8 ,1663,https://6.vikiplatform.com/image/96559c8f55fe4be3b8d099db0e37336c.jpg?x=b&a=0x0&s=380x214&q=h&e=t&f=t&cb=1
Série,Le détective de la dynastie Ming,Chine Continentale , 9.5 ,2910,https://6.vikiplatform.com/image/f3b5fae4edec40f09be96c2bad60d41d.jpg?x=b&a=0x0&s=380x214&q=h&e=t&f=t&cb=1
Série,Mountains and Ocean (Montagnes e...,Chine Continentale , 8.5 ,1669,https://6.vikiplatform.com/image/7833e4d1b8924d018c4b18765d7a646f.jpg?x=b&a=0x0&s=380x214&q=h&e=t&f=t&cb=1
Série,Le vieil inspecteur,Chine Continentale , 9.3 ,3727,https://6.vikiplatform.com/image/bd26393a9c2b4837832e8d1b77ad9fa1.jpg?x=b&a=0x0&s=380x214&q=h&e=t&f=t&cb=1
Série,Le combattant de la destinée,Chine Continentale , 8.9 ,3951,https://6.vikiplatform.com/image/43b93fb43e13488e91c18713950dec34.jpeg?x=b&a=0x0&s=380x214&q=h&e=t&f=t&cb=1
Série,"Full House, prise 2",Corée , 9.0 ,2250,https://6.vikiplatform.com/image/e175a70c9af7480b814e88b340a34613.jpeg?x=b&s=380x214&q=h&e=t&f=t&cb=1
Série,Sans issue,Corée , 9.5 ,8250,https://6.vikiplatform.com/image/8370ac6a80c748de8abe5656071510e0.jpeg?x=b&s=380x214&q=h&e=t&f=t&cb=1
Série,The Screen Foxes,Chine Continentale , 8.5 ,1787,https://6.vikiplatform.com/image/9c926514e59a4dde9b31bddf5001820b.jpg?x=b&a=0x0&s=380x214&q=h&e=t&f=t&cb=1
Série,Délicieux Destin,Chine Continentale , 9.1 ,2872,https://6.vikiplatform.com/image/131dffa79fb34c49a9d4bc9e01527345.jpeg?x=b&a=0x0&s=380x214&q=h&e=t&f=t&cb=1
Série,The Sound of Providence,Chine Continentale , 9.1 ,1363,https://6.vikiplatform.com/image/11e245adb04c4e77b70f89f3b752b735.jpg?x=b&a=0x0&s=380x214&q=h&e=t&f=t&cb=1
Série,Notre Gap Soon,Corée , 8.8 ,1633,https://6.vikiplatform.com/image/9a267dab42dd44f7a7c5e9a311d81fbd.jpeg?x=b&s=380x214&q=h&e=t&f=t&cb=1
Série,Ever Night 2 (Nuit éternelle 2),Chine Continentale , 8.5 ,3611,https://6.vikiplatform.com/image/e8b69903227844059115145cdf6ba226.jpg?x=b&a=0x0&s=380x214&q=h&e=t&f=t&cb=1
Série,Miss Hammurabi,Corée , 9.4 ,9671,https://6.vikiplatform.com/image/96578ad9d15441b586fcee2d9f9012bf.jpg?x=b&a=0x0&s=380x214&q=h&e=t&f=t&cb=1
Série,Grand Prince,Corée , 9.3 ,8207,https://6.vikiplatform.com/image/1085c289c24347a6a9d619abdfd6cd29.jpeg?x=b&a=0x0&s=380x214&q=h&e=t&f=t&cb=1
Série,Do You Like Brahms?,Corée , 9.3 ,15787,https://6.vikiplatform.com/image/75d0a5838ed94905b028cc2487170b55.jpg?x=b&a=0x0&s=380x214&q=h&e=t&f=t&cb=1
Série,My Mowgli Boy,Chine Continentale , 8.9 ,4474,https://6.vikiplatform.com/image/39373054deef46c0a3b02b736e938d05.jpg?x=b&a=0x0&s=380x214&q=h&e=t&f=t&cb=1
Série,Oh Mon Bébé,Corée , 9.1 ,11168,https://6.vikiplatform.com/image/7a328cbc4a1143e09e1616e8b24874bb.jpg?x=b&a=0x0&s=380x214&q=h&e=t&f=t&cb=1
Série,Sa légende,Corée , 8.8 ,2435,https://6.vikiplatform.com/image/3c252a218ad147daba04299387e9c14d.jpeg?x=b&s=380x214&q=h&e=t&f=t&cb=1
Série,Investiture of the Gods (2019),Chine Continentale , 7.9 ,1007,https://6.vikiplatform.com/image/fd5a084eeb5846a79ed6d8024afac9c7.jpg?x=b&a=0x0&s=380x214&q=h&e=t&f=t&cb=1
Série,Je t'ordonne,Corée , 9.1 ,6613,https://6.vikiplatform.com/image/1e0dde95a4974be3bd75bc8aa6205648.jpeg?x=b&s=380x214&q=h&e=t&f=t&cb=1
Série,Le village : Le secret d'Achiara,Corée , 9.2 ,3383,https://6.vikiplatform.com/image/8c103d2f1c674fbc9b30313120b8ba40.jpeg?x=b&s=380x214&q=h&e=t&f=t&cb=1
Série,Mother,Corée , 9.9 ,8148,https://6.vikiplatform.com/image/2ce8db0479344cfb8f56d255e99f92d8.jpeg?x=b&a=0x0&s=380x214&q=h&e=t&f=t&cb=1
Série,Wacko At Law 5 (Un fou de droit),Taïwan , 9.2 ,623,https://6.vikiplatform.com/image/8cfee913dadc45039953c6e41b462ca7.jpg?x=b&a=0x0&s=380x214&q=h&e=t&f=t&cb=1
Série,Ramyun et beau garçon,Corée , 8.9 ,6410,https://6.vikiplatform.com/image/a35faef7e4694b328ac88e62723d3558.jpeg?x=b&s=380x214&q=h&e=t&f=t&cb=1
Série,Le tombeau perdu,Chine Continentale , 8.9 ,2205,https://6.vikiplatform.com/image/574403c666164106945f0eac826f6e77.jpeg?x=b&s=380x214&q=h&e=t&f=t&cb=1
Série,Seulement à tes côtés,Chine Continentale , 8.9 ,4039,https://6.vikiplatform.com/image/938be65d14594531916c47384ca9c561.jpeg?x=b&a=0x0&s=380x214&q=h&e=t&f=t&cb=1
Série,Mr. Fighting,Chine Continentale , 9.0 ,1341,https://6.vikiplatform.com/image/5c85f0aa18ec45febdc2ff6b2f4e1172.jpg?x=b&a=0x0&s=380x214&q=h&e=t&f=t&cb=1
Série,Never Gone (Jamais parti),Chine Continentale , 9.0 ,2520,https://6.vikiplatform.com/image/975e60cf2219484d9324f95b6eb59962.jpg?x=b&a=0x0&s=380x214&q=h&e=t&f=t&cb=1
Film,M'aimer ou t'aimer,Taïwan , 9.1 ,2344,https://6.vikiplatform.com/image/885ded01f18148e2b5ee299899dd2b2d.jpeg?x=b&s=380x214&q=h&e=t&f=t&cb=1
Film,Oh Hae Young Again,Corée , 9.5 ,16832,https://6.vikiplatform.com/image/67372ac061784d55853573d2fb40231d.jpeg?x=b&s=380x214&q=h&e=t&f=t&cb=1
Film,Entertainer,Corée , 9.3 ,4461,https://6.vikiplatform.com/image/d429cca79849407ebef821b1b56e0f4b.jpeg?x=b&s=380x214&q=h&e=t&f=t&cb=1
Film,Ma chère et tendre Kong Shim,Corée , 9.4 ,13755,https://6.vikiplatform.com/image/fb5a347b06774661a7460c6d69dc03fb.jpeg?x=b&s=380x214&q=h&e=t&f=t&cb=1
Film,À L'ANTENNE In Time With You (TH),La Thaïlande , 8.8 ,20,https://6.vikiplatform.com/image/b58910254a8f4af28c7ffac1e37ac743.jpg?x=b&a=0x0&s=380x214&q=h&e=t&f=t&cb=1
Film,My True Friend,Chine Continentale , 9.1 ,3952,https://6.vikiplatform.com/image/baf85deb6452409fb579fe004ad93d7c.jpg?x=b&a=0x0&s=380x214&q=h&e=t&f=t&cb=1
Film,Bagel Girl,Corée , 8.8 ,1336,https://6.vikiplatform.com/image/373787de4e66409a84e4bb9348888150.jpg?x=b&a=0x0&s=380x214&q=h&e=t&f=t&cb=1
Film,Hyde Jekyll et Moi,Corée , 9.2 ,12668,https://6.vikiplatform.com/image/51fe7f2b76824e828e79984395071e77.jpeg?x=b&s=380x214&q=h&e=t&f=t&cb=1
Film,Unexpected,Chine Continentale , 8.9 ,2193,https://6.vikiplatform.com/image/05ed0f00ba954bd78838893edb7e2016.jpg?x=b&a=0x0&s=380x214&q=h&e=t&f=t&cb=1
Film,Mon amour Eun Dong,Corée , 9.4 ,9502,https://6.vikiplatform.com/image/17356812764946cca08ef9504153356b.jpeg?x=b&s=380x214&q=h&e=t&f=t&cb=1
Film,Découverte de l'Amour,Corée , 9.0 ,3791,https://6.vikiplatform.com/image/c6718cb7db864b7781c0e7679f83cab7.jpeg?x=b&s=380x214&q=h&e=t&f=t&cb=1
Film,La correspondance parfaite,Taïwan , 9.2 ,5597,https://6.vikiplatform.com/image/e0a2138c365b4dc29dacc8e442ead863.jpeg?x=b&s=380x214&q=h&e=t&f=t&cb=1
Film,Dilemme,Taïwan , 8.2 ,4026,https://6.vikiplatform.com/image/d0fc54eccabd4da28b371fc911f375e5.jpeg?x=b&a=0x0&s=380x214&q=h&e=t&f=t&cb=1
Film,Reine de sept jours,Corée , 9.4 ,6064,https://6.vikiplatform.com/image/d787379f083b477b96b9b980188b5209.jpeg?x=b&s=380x214&q=h&e=t&f=t&cb=1
Film,Wu Xin : le Tueur de Monstres,Chine Continentale , 9.0 ,1618,https://6.vikiplatform.com/image/6adb4601daba4cca8dedbf4482c80e29.jpg?x=b&a=0x0&s=380x214&q=h&e=t&f=t&cb=1
Film,La Fleur et la Bête Saison 2,Japon , 9.0 ,10090,https://6.vikiplatform.com/image/66430c9331a64d2e99330b76a3327b50.jpg?x=b&a=0x0&s=380x214&q=h&e=t&f=t&cb=1
Film,Scarlet Heart 2,Chine Continentale , 8.2 ,1785,https://6.vikiplatform.com/image/8273218063d248508f771f98ecb3eb23.jpeg?x=b&s=380x214&q=h&e=t&f=t&cb=1
Film,Tunnel,Corée , 9.7 ,1778,https://6.vikiplatform.com/image/1ec1678f08e748d0be80f0eea377a910.jpeg?x=b&s=380x214&q=h&e=t&f=t&cb=1
Film,When Time Stopped,Corée , 9.1 ,20585,https://6.vikiplatform.com/image/199f3f19a9d14acca6846ee61dc410a9.jpg?x=b&a=0x0&s=380x214&q=h&e=t&f=t&cb=1
Film,Fighting Youth (Une Jeunesse Bat...,Chine Continentale , 8.4 ,495,https://6.vikiplatform.com/image/bfc1e4ec00a941e19b125d3f96720c93.jpg?x=b&a=0x0&s=380x214&q=h&e=t&f=t&cb=1
Film,To My Star (À mon étoile),Corée , 9.5 ,3673,https://6.vikiplatform.com/image/dd182e65e33b4d7e808729d5dfa6e7ed.jpg?x=b&a=0x0&s=380x214&q=h&e=t&f=t&cb=1
Film,Replay (Film),Corée , 9.1 ,1580,https://6.vikiplatform.com/image/38b18d686ccf4970ba77071381d2047b.jpg?x=b&a=0x0&s=380x214&q=h&e=t&f=t&cb=1
Film,Présent Encore Parfait,La Thaïlande , 9.0 ,1647,https://6.vikiplatform.com/image/7d4305dafcfe4571a211210d5753e08c.jpg?x=b&a=0x0&s=380x214&q=h&e=t&f=t&cb=1
Film,Wish You : Your Melody From My H...,Corée , 9.3 ,11861,https://6.vikiplatform.com/image/e1e6601f058746f7851ed5931834590a.jpg?x=b&a=0x0&s=380x214&q=h&e=t&f=t&cb=1
Film,You Make Me Dance (Tu me fais da...,Corée , 9.4 ,576,https://6.vikiplatform.com/image/91455e7b86224f4e9d3a087572fbacd4.jpg?x=b&a=0x0&s=380x214&q=h&e=t&f=t&cb=1
Film,Over Again (Encore une fois),Chine Continentale , 8.8 ,145,https://6.vikiplatform.com/image/0bd43073931741d49ccc23c9d16f1c35.jpg?x=b&a=0x0&s=380x214&q=h&e=t&f=t&cb=1
Film,Sex Is Zero,Corée , 6.9 ,882,https://6.vikiplatform.com/image/0db7f9bf6d224241a7b9877b03ec360a.jpg?x=b&a=0x0&s=380x214&q=h&e=t&f=t&cb=1
Film,Oversize Love,Chine Continentale , 8.3 ,3455,https://6.vikiplatform.com/image/0524961597834ec88780a029a26b125a.jpg?x=b&a=0x0&s=380x214&q=h&e=t&f=t&cb=1
Film,Es-tu amoureuse ?,Corée , 8.4 ,21596,https://6.vikiplatform.com/image/c95524058f65485bb7628636ec37409d.jpg?x=b&a=0x0&s=380x214&q=h&e=t&f=t&cb=1
Film,Présent Parfait,La Thaïlande , 7.9 ,1077,https://6.vikiplatform.com/image/e483275216324149951394fc72d369c3.jpg?x=b&a=0x0&s=380x214&q=h&e=t&f=t&cb=1
Film,Color Rush (La ruée des couleurs...,Corée , 9.8 ,144,https://6.vikiplatform.com/image/31b67c17c52e452cb5a2832cbd2bdf1c.jpg?x=b&a=0x0&s=380x214&q=h&e=t&f=t&cb=1
Film,La Femme de chambre du Maître Av...,Chine Continentale , 7.4 ,5975,https://6.vikiplatform.com/image/bafcbe20331841e69f1ba004e1598c66.jpeg?x=b&a=0x0&s=380x214&q=h&e=t&f=t&cb=1
Film,Il neige sur la mer,Corée , 8.9 ,4112,https://6.vikiplatform.com/image/7d62c7c284d04c73acc79b56137b4c5c.jpeg?x=b&a=0x0&s=380x214&q=h&e=t&f=t&cb=1
Film,Life~Love on the Line (La vie et...,Japon , 9.6 ,2260,https://6.vikiplatform.com/image/e390998aa4d34b1abddcceffe84bab0f.jpg?x=b&a=0x0&s=380x214&q=h&e=t&f=t&cb=1
Film,By Chance,Japon , 8.1 ,2088,https://6.vikiplatform.com/image/f073f54e2779408da557b0cb5240963f.jpeg?x=b&a=0x0&s=380x214&q=h&e=t&f=t&cb=1
Film,Where Your Eyes Linger,Corée , 9.4 ,9020,https://6.vikiplatform.com/image/2a7d0835eba340398bd28c6594f35e94.jpg?x=b&a=0x0&s=380x214&q=h&e=t&f=t&cb=1
Film,L'Amour Platonique,Chine Continentale , 6.7 ,2235,https://1.viki.io/c/35523c/channelthumb_platonslove.jpg?x=b&s=380x214&q=h&e=t&f=t&cb=1
Film,Mr. Heart (Film),Corée , 9.4 ,5438,https://6.vikiplatform.com/image/3699e8d54c9940bab4b73283f99be5f6.jpg?x=b&a=0x0&s=380x214&q=h&e=t&f=t&cb=1
Film,Le Palais,Chine Continentale , 9.0 ,1752,https://6.vikiplatform.com/image/0d7edd4bb53c42328c67834b7721309e.jpg?x=b&a=0x0&s=380x214&q=h&e=t&f=t&cb=1
Film,Fake,Corée , 8.1 ,584,https://6.vikiplatform.com/image/b896afc690dc4bd5a394b7041eb43f9a.jpeg?x=b&a=0x0&s=380x214&q=h&e=t&f=t&cb=1
